timestamp,site_id,order_id,planned_ready_time,current_status,crew_status,prep_progress_pct,minutes_since_report,pump_status,delay_so_far_min,weather
2026-10-01T05:00,S004,O034,2026-10-01T07:00,NOT_READY,NOT_READY,0,22,NONE,0,CLEAR
2026-10-01T05:05,S004,O034,2026-10-01T07:00,NOT_READY,NOT_READY,0,4,NONE,0,CLEAR
2026-10-01T05:10,S004,O034,2026-10-01T07:00,NOT_READY,NOT_READY,0,9,NONE,0,CLEAR
2026-10-01T05:15,S004,O034,2026-10-01T07:00,PREPARING,READY,0,14,NONE,0,CLEAR
2026-10-01T05:20,S004,O034,2026-10-01T07:00,PREPARING,READY,0,4,NONE,0,CLEAR
2026-10-01T05:25,S004,O034,2026-10-01T07:00,PREPARING,READY,0,9,NONE,0,CLEAR
2026-10-01T05:30,S009,O013,2026-10-01T07:30,PREPARING,READY,0,12,NONE,0,CLEAR
2026-10-01T05:30,S004,O034,2026-10-01T07:00,PREPARING,READY,0,14,NONE,0,CLEAR
2026-10-01T05:35,S009,O013,2026-10-01T07:30,PREPARING,READY,0,17,NONE,0,CLEAR
2026-10-01T05:35,S004,O034,2026-10-01T07:00,PREPARING,READY,0,19,NONE,0,CLEAR
2026-10-01T05:40,S009,O013,2026-10-01T07:30,PREPARING,READY,0,22,NONE,0,CLEAR
2026-10-01T05:40,S004,O034,2026-10-01T07:00,PREPARING,READY,20,0,NONE,0,CLEAR
2026-10-01T05:45,S006,O001,2026-10-01T07:45,NOT_READY,NOT_READY,0,5,READY,0,CLEAR
2026-10-01T05:45,S002,O005,2026-10-01T07:45,NOT_READY,NOT_READY,10,16,READY,0,CLEAR
2026-10-01T05:45,S009,O013,2026-10-01T07:30,PREPARING,READY,20,2,NONE,0,CLEAR
2026-10-01T05:45,S002,O023,2026-10-01T07:45,NOT_READY,NOT_READY,0,10,READY,0,CLEAR
2026-10-01T05:45,S004,O034,2026-10-01T07:00,PREPARING,READY,20,5,NONE,0,CLEAR
2026-10-01T05:50,S006,O001,2026-10-01T07:45,PREPARING,READY,0,10,READY,0,CLEAR
2026-10-01T05:50,S002,O005,2026-10-01T07:45,NOT_READY,NOT_READY,0,4,READY,0,CLEAR
2026-10-01T05:50,S009,O013,2026-10-01T07:30,PREPARING,READY,20,7,NONE,0,CLEAR
2026-10-01T05:50,S002,O023,2026-10-01T07:45,NOT_READY,NOT_READY,0,15,READY,0,CLEAR
2026-10-01T05:50,S004,O034,2026-10-01T07:00,PREPARING,READY,20,10,NONE,0,CLEAR
2026-10-01T05:55,S006,O001,2026-10-01T07:45,PREPARING,READY,0,15,READY,0,CLEAR
2026-10-01T05:55,S002,O005,2026-10-01T07:45,NOT_READY,NOT_READY,0,9,READY,0,CLEAR
2026-10-01T05:55,S009,O013,2026-10-01T07:30,PREPARING,READY,20,12,NONE,0,CLEAR
2026-10-01T05:55,S002,O023,2026-10-01T07:45,NOT_READY,NOT_READY,0,20,READY,0,CLEAR
2026-10-01T05:55,S004,O034,2026-10-01T07:00,PREPARING,READY,20,15,NONE,0,CLEAR
2026-10-01T06:00,S006,O001,2026-10-01T07:45,PREPARING,READY,20,3,READY,0,CLEAR
2026-10-01T06:00,S002,O005,2026-10-01T07:45,NOT_READY,NOT_READY,0,14,READY,0,CLEAR
2026-10-01T06:00,S009,O013,2026-10-01T07:30,PREPARING,READY,20,17,NONE,0,CLEAR
2026-10-01T06:00,S002,O023,2026-10-01T07:45,NOT_READY,NOT_READY,0,25,READY,0,CLEAR
2026-10-01T06:00,S004,O034,2026-10-01T07:00,PREPARING,READY,20,20,NONE,0,CLEAR
2026-10-01T06:05,S006,O001,2026-10-01T07:45,PREPARING,READY,20,8,READY,0,CLEAR
2026-10-01T06:05,S002,O005,2026-10-01T07:45,NOT_READY,NOT_READY,10,1,READY,0,CLEAR
2026-10-01T06:05,S009,O013,2026-10-01T07:30,PREPARING,READY,20,22,NONE,0,CLEAR
2026-10-01T06:05,S002,O023,2026-10-01T07:45,NOT_READY,NOT_READY,10,2,READY,0,CLEAR
2026-10-01T06:05,S004,O034,2026-10-01T07:00,PREPARING,READY,20,25,NONE,0,CLEAR
2026-10-01T06:10,S006,O001,2026-10-01T07:45,PREPARING,READY,20,13,READY,0,CLEAR
2026-10-01T06:10,S002,O005,2026-10-01T07:45,NOT_READY,NOT_READY,10,6,READY,0,CLEAR
2026-10-01T06:10,S009,O013,2026-10-01T07:30,PREPARING,READY,40,4,NONE,0,CLEAR
2026-10-01T06:10,S002,O023,2026-10-01T07:45,NOT_READY,NOT_READY,10,7,READY,0,CLEAR
2026-10-01T06:10,S004,O034,2026-10-01T07:00,PREPARING,READY,50,3,NONE,0,CLEAR
2026-10-01T06:15,S006,O001,2026-10-01T07:45,PREPARING,READY,20,18,READY,0,CLEAR
2026-10-01T06:15,S002,O005,2026-10-01T07:45,NOT_READY,NOT_READY,10,11,READY,0,CLEAR
2026-10-01T06:15,S005,O010,2026-10-01T08:15,NOT_READY,NOT_READY,10,27,NONE,0,CLEAR
2026-10-01T06:15,S009,O013,2026-10-01T07:30,PREPARING,READY,40,9,NONE,0,CLEAR
2026-10-01T06:15,S003,O020,2026-10-01T08:15,NOT_READY,NOT_READY,0,5,NONE,0,CLEAR
2026-10-01T06:15,S002,O023,2026-10-01T07:45,NOT_READY,NOT_READY,10,12,READY,0,CLEAR
2026-10-01T06:15,S004,O034,2026-10-01T07:00,PREPARING,READY,50,8,NONE,0,CLEAR
2026-10-01T06:20,S006,O001,2026-10-01T07:45,PREPARING,READY,40,3,READY,0,CLEAR
2026-10-01T06:20,S002,O005,2026-10-01T07:45,PREPARING,READY,10,16,READY,0,CLEAR
2026-10-01T06:20,S005,O010,2026-10-01T08:15,NOT_READY,NOT_READY,0,3,NONE,0,CLEAR
2026-10-01T06:20,S009,O013,2026-10-01T07:30,PREPARING,READY,40,14,NONE,0,CLEAR
2026-10-01T06:20,S003,O020,2026-10-01T08:15,NOT_READY,NOT_READY,0,10,NONE,0,CLEAR
2026-10-01T06:20,S002,O023,2026-10-01T07:45,NOT_READY,NOT_READY,10,17,READY,0,CLEAR
2026-10-01T06:20,S004,O034,2026-10-01T07:00,PREPARING,READY,50,13,NONE,0,CLEAR
2026-10-01T06:25,S006,O001,2026-10-01T07:45,PREPARING,READY,40,8,READY,0,CLEAR
2026-10-01T06:25,S002,O005,2026-10-01T07:45,PREPARING,READY,10,21,READY,0,CLEAR
2026-10-01T06:25,S005,O010,2026-10-01T08:15,NOT_READY,NOT_READY,0,8,NONE,0,CLEAR
2026-10-01T06:25,S009,O013,2026-10-01T07:30,PREPARING,READY,40,19,NONE,0,CLEAR
2026-10-01T06:25,S003,O020,2026-10-01T08:15,NOT_READY,NOT_READY,0,15,NONE,0,CLEAR
2026-10-01T06:25,S002,O023,2026-10-01T07:45,NOT_READY,NOT_READY,0,4,READY,0,CLEAR
2026-10-01T06:25,S004,O034,2026-10-01T07:00,PREPARING,READY,60,1,NONE,0,CLEAR
2026-10-01T06:30,S006,O001,2026-10-01T07:45,PREPARING,READY,40,13,READY,0,CLEAR
2026-10-01T06:30,S002,O005,2026-10-01T07:45,PREPARING,READY,10,3,READY,0,CLEAR
2026-10-01T06:30,S005,O010,2026-10-01T08:15,NOT_READY,NOT_READY,0,13,NONE,0,CLEAR
2026-10-01T06:30,S009,O013,2026-10-01T07:30,PREPARING,READY,50,3,NONE,0,CLEAR
2026-10-01T06:30,S007,O015,2026-10-01T08:30,NOT_READY,NOT_READY,0,26,READY,0,CLEAR
2026-10-01T06:30,S003,O020,2026-10-01T08:15,NOT_READY,NOT_READY,0,20,NONE,0,CLEAR
2026-10-01T06:30,S002,O023,2026-10-01T07:45,PREPARING,READY,0,9,READY,0,CLEAR
2026-10-01T06:30,S004,O034,2026-10-01T07:00,PREPARING,READY,60,6,NONE,0,CLEAR
2026-10-01T06:35,S006,O001,2026-10-01T07:45,PREPARING,READY,40,18,READY,0,CLEAR
2026-10-01T06:35,S002,O005,2026-10-01T07:45,PREPARING,READY,10,8,READY,0,CLEAR
2026-10-01T06:35,S005,O010,2026-10-01T08:15,NOT_READY,NOT_READY,0,18,NONE,0,CLEAR
2026-10-01T06:35,S009,O013,2026-10-01T07:30,PREPARING,READY,50,8,NONE,0,CLEAR
2026-10-01T06:35,S007,O015,2026-10-01T08:30,NOT_READY,NOT_READY,0,1,READY,0,CLEAR
2026-10-01T06:35,S003,O020,2026-10-01T08:15,NOT_READY,NOT_READY,0,2,NONE,0,CLEAR
2026-10-01T06:35,S002,O023,2026-10-01T07:45,PREPARING,READY,0,14,READY,0,CLEAR
2026-10-01T06:35,S004,O034,2026-10-01T07:00,PREPARING,READY,60,11,NONE,0,CLEAR
2026-10-01T06:40,S006,O001,2026-10-01T07:45,PREPARING,READY,40,2,READY,0,CLEAR
2026-10-01T06:40,S002,O005,2026-10-01T07:45,PREPARING,READY,10,13,READY,0,CLEAR
2026-10-01T06:40,S005,O010,2026-10-01T08:15,NOT_READY,NOT_READY,0,23,NONE,0,CLEAR
2026-10-01T06:40,S009,O013,2026-10-01T07:30,PREPARING,READY,50,13,NONE,0,CLEAR
2026-10-01T06:40,S007,O015,2026-10-01T08:30,NOT_READY,NOT_READY,0,6,READY,0,CLEAR
2026-10-01T06:40,S003,O020,2026-10-01T08:15,PREPARING,READY,0,7,NONE,0,CLEAR
2026-10-01T06:40,S002,O023,2026-10-01T07:45,PREPARING,READY,0,3,READY,0,CLEAR
2026-10-01T06:40,S004,O034,2026-10-01T07:00,PREPARING,READY,60,16,NONE,0,CLEAR
2026-10-01T06:45,S006,O001,2026-10-01T07:45,PREPARING,READY,40,7,READY,0,CLEAR
2026-10-01T06:45,S002,O005,2026-10-01T07:45,PREPARING,READY,10,18,READY,0,CLEAR
2026-10-01T06:45,S005,O010,2026-10-01T08:15,NOT_READY,NOT_READY,0,1,NONE,0,CLEAR
2026-10-01T06:45,S009,O013,2026-10-01T07:30,PREPARING,READY,50,18,NONE,0,CLEAR
2026-10-01T06:45,S007,O015,2026-10-01T08:30,PREPARING,READY,0,11,READY,0,CLEAR
2026-10-01T06:45,S003,O020,2026-10-01T08:15,PREPARING,READY,0,12,NONE,0,CLEAR
2026-10-01T06:45,S002,O023,2026-10-01T07:45,PREPARING,READY,0,8,READY,0,CLEAR
2026-10-01T06:45,S001,O031,2026-10-01T08:45,NOT_READY,NOT_READY,0,9,NONE,0,CLEAR
2026-10-01T06:45,S004,O034,2026-10-01T07:00,PREPARING,READY,80,0,NONE,0,CLEAR
2026-10-01T06:50,S006,O001,2026-10-01T07:45,PREPARING,READY,40,12,READY,0,CLEAR
2026-10-01T06:50,S002,O005,2026-10-01T07:45,PREPARING,READY,30,3,READY,0,CLEAR
2026-10-01T06:50,S005,O010,2026-10-01T08:15,NOT_READY,NOT_READY,0,6,NONE,0,CLEAR
2026-10-01T06:50,S009,O013,2026-10-01T07:30,PREPARING,READY,70,3,NONE,0,CLEAR
2026-10-01T06:50,S007,O015,2026-10-01T08:30,PREPARING,READY,10,1,READY,0,CLEAR
2026-10-01T06:50,S003,O020,2026-10-01T08:15,PREPARING,READY,0,17,NONE,0,CLEAR
2026-10-01T06:50,S002,O023,2026-10-01T07:45,PREPARING,READY,0,13,READY,0,CLEAR
2026-10-01T06:50,S001,O031,2026-10-01T08:45,NOT_READY,NOT_READY,0,14,NONE,0,CLEAR
2026-10-01T06:50,S004,O034,2026-10-01T07:00,PREPARING,READY,80,5,NONE,0,CLEAR
2026-10-01T06:55,S006,O001,2026-10-01T07:45,PREPARING,READY,40,17,READY,0,CLEAR
2026-10-01T06:55,S002,O005,2026-10-01T07:45,PREPARING,READY,30,8,READY,0,CLEAR
2026-10-01T06:55,S005,O010,2026-10-01T08:15,NOT_READY,NOT_READY,0,11,NONE,0,CLEAR
2026-10-01T06:55,S009,O013,2026-10-01T07:30,PREPARING,READY,70,8,NONE,0,CLEAR
2026-10-01T06:55,S007,O015,2026-10-01T08:30,PREPARING,READY,10,6,READY,0,CLEAR
2026-10-01T06:55,S003,O020,2026-10-01T08:15,PREPARING,READY,30,1,NONE,0,CLEAR
2026-10-01T06:55,S002,O023,2026-10-01T07:45,PREPARING,READY,40,0,READY,0,CLEAR
2026-10-01T06:55,S001,O031,2026-10-01T08:45,NOT_READY,NOT_READY,0,19,NONE,0,CLEAR
2026-10-01T06:55,S004,O034,2026-10-01T07:00,PREPARING,READY,80,10,NONE,0,CLEAR
2026-10-01T07:00,S006,O001,2026-10-01T07:45,PREPARING,READY,40,22,READY,0,CLEAR
2026-10-01T07:00,S002,O005,2026-10-01T07:45,PREPARING,READY,30,13,READY,0,CLEAR
2026-10-01T07:00,S005,O010,2026-10-01T08:15,NOT_READY,NOT_READY,0,16,NONE,0,CLEAR
2026-10-01T07:00,S009,O013,2026-10-01T07:30,PREPARING,READY,70,13,NONE,0,CLEAR
2026-10-01T07:00,S007,O015,2026-10-01T08:30,PREPARING,READY,10,11,READY,0,CLEAR
2026-10-01T07:00,S003,O020,2026-10-01T08:15,PREPARING,READY,30,6,NONE,0,CLEAR
2026-10-01T07:00,S002,O023,2026-10-01T07:45,PREPARING,READY,40,5,READY,0,CLEAR
2026-10-01T07:00,S001,O031,2026-10-01T08:45,NOT_READY,NOT_READY,0,24,NONE,0,CLEAR
2026-10-01T07:00,S004,O034,2026-10-01T07:00,PREPARING,READY,80,0,NONE,0,CLEAR
2026-10-01T07:05,S006,O001,2026-10-01T07:45,PREPARING,READY,40,27,READY,0,CLEAR
2026-10-01T07:05,S002,O005,2026-10-01T07:45,PREPARING,READY,30,18,READY,0,CLEAR
2026-10-01T07:05,S005,O010,2026-10-01T08:15,NOT_READY,NOT_READY,0,21,NONE,0,CLEAR
2026-10-01T07:05,S009,O013,2026-10-01T07:30,PREPARING,READY,70,18,NONE,0,CLEAR
2026-10-01T07:05,S007,O015,2026-10-01T08:30,PREPARING,READY,10,16,READY,0,CLEAR
2026-10-01T07:05,S003,O020,2026-10-01T08:15,PREPARING,READY,30,11,NONE,0,CLEAR
2026-10-01T07:05,S002,O023,2026-10-01T07:45,PREPARING,READY,40,10,READY,0,CLEAR
2026-10-01T07:05,S001,O031,2026-10-01T08:45,NOT_READY,NOT_READY,10,1,NONE,0,CLEAR
2026-10-01T07:05,S004,O034,2026-10-01T07:00,DELAYED,READY,80,5,NONE,5,CLEAR
2026-10-01T07:10,S006,O001,2026-10-01T07:45,PREPARING,READY,70,3,READY,0,CLEAR
2026-10-01T07:10,S002,O005,2026-10-01T07:45,PREPARING,READY,50,4,READY,0,CLEAR
2026-10-01T07:10,S005,O010,2026-10-01T08:15,NOT_READY,NOT_READY,0,26,NONE,0,CLEAR
2026-10-01T07:10,S009,O013,2026-10-01T07:30,PREPARING,READY,70,23,NONE,0,CLEAR
2026-10-01T07:10,S007,O015,2026-10-01T08:30,PREPARING,READY,10,21,READY,0,CLEAR
2026-10-01T07:10,S003,O020,2026-10-01T08:15,PREPARING,READY,30,16,NONE,0,CLEAR
2026-10-01T07:10,S002,O023,2026-10-01T07:45,PREPARING,READY,40,15,READY,0,CLEAR
2026-10-01T07:10,S001,O031,2026-10-01T08:45,NOT_READY,NOT_READY,10,6,NONE,0,CLEAR
2026-10-01T07:10,S004,O034,2026-10-01T07:00,DELAYED,READY,80,10,NONE,10,CLEAR
2026-10-01T07:15,S006,O001,2026-10-01T07:45,PREPARING,READY,70,8,READY,0,CLEAR
2026-10-01T07:15,S002,O005,2026-10-01T07:45,PREPARING,READY,50,9,READY,0,CLEAR
2026-10-01T07:15,S005,O010,2026-10-01T08:15,NOT_READY,NOT_READY,0,1,NONE,0,CLEAR
2026-10-01T07:15,S009,O013,2026-10-01T07:30,PREPARING,READY,90,4,NONE,0,CLEAR
2026-10-01T07:15,S008,O014,2026-10-01T09:15,PREPARING,READY,0,3,READY,0,CLEAR
2026-10-01T07:15,S007,O015,2026-10-01T08:30,PREPARING,READY,10,26,READY,0,CLEAR
2026-10-01T07:15,S003,O020,2026-10-01T08:15,PREPARING,READY,30,21,NONE,0,CLEAR
2026-10-01T07:15,S002,O023,2026-10-01T07:45,PREPARING,READY,60,1,READY,0,CLEAR
2026-10-01T07:15,S001,O031,2026-10-01T08:45,NOT_READY,NOT_READY,10,11,NONE,0,CLEAR
2026-10-01T07:15,S004,O034,2026-10-01T07:00,DELAYED,READY,80,15,NONE,15,CLEAR
2026-10-01T07:20,S006,O001,2026-10-01T07:45,PREPARING,READY,70,13,READY,0,CLEAR
2026-10-01T07:20,S002,O005,2026-10-01T07:45,PREPARING,READY,50,14,READY,0,CLEAR
2026-10-01T07:20,S005,O010,2026-10-01T08:15,PREPARING,READY,0,6,NONE,0,CLEAR
2026-10-01T07:20,S009,O013,2026-10-01T07:30,PREPARING,READY,90,9,NONE,0,CLEAR
2026-10-01T07:20,S008,O014,2026-10-01T09:15,PREPARING,READY,0,8,READY,0,CLEAR
2026-10-01T07:20,S007,O015,2026-10-01T08:30,PREPARING,READY,30,2,READY,0,CLEAR
2026-10-01T07:20,S003,O020,2026-10-01T08:15,PREPARING,READY,30,26,NONE,0,CLEAR
2026-10-01T07:20,S002,O023,2026-10-01T07:45,PREPARING,READY,60,6,READY,0,CLEAR
2026-10-01T07:20,S001,O031,2026-10-01T08:45,NOT_READY,NOT_READY,10,16,NONE,0,CLEAR
2026-10-01T07:25,S006,O001,2026-10-01T07:45,PREPARING,READY,70,18,READY,0,CLEAR
2026-10-01T07:25,S002,O005,2026-10-01T07:45,PREPARING,READY,70,0,READY,0,CLEAR
2026-10-01T07:25,S005,O010,2026-10-01T08:15,PREPARING,READY,0,11,NONE,0,CLEAR
2026-10-01T07:25,S009,O013,2026-10-01T07:30,PREPARING,READY,90,14,NONE,0,CLEAR
2026-10-01T07:25,S008,O014,2026-10-01T09:15,PREPARING,READY,0,13,READY,0,CLEAR
2026-10-01T07:25,S007,O015,2026-10-01T08:30,PREPARING,READY,30,7,READY,0,CLEAR
2026-10-01T07:25,S003,O020,2026-10-01T08:15,PREPARING,READY,40,1,NONE,0,CLEAR
2026-10-01T07:25,S002,O023,2026-10-01T07:45,PREPARING,READY,60,11,READY,0,CLEAR
2026-10-01T07:25,S001,O031,2026-10-01T08:45,NOT_READY,NOT_READY,0,0,NONE,0,CLEAR
2026-10-01T07:30,S006,O001,2026-10-01T07:45,PREPARING,READY,90,0,READY,0,CLEAR
2026-10-01T07:30,S002,O005,2026-10-01T07:45,PREPARING,READY,70,5,READY,0,CLEAR
2026-10-01T07:30,S008,O006,2026-10-01T09:30,PREPARING,READY,10,6,READY,0,CLEAR
2026-10-01T07:30,S005,O010,2026-10-01T08:15,PREPARING,READY,0,16,NONE,0,CLEAR
2026-10-01T07:30,S009,O013,2026-10-01T07:30,PREPARING,READY,90,19,NONE,0,CLEAR
2026-10-01T07:30,S008,O014,2026-10-01T09:15,PREPARING,READY,10,0,READY,0,CLEAR
2026-10-01T07:30,S007,O015,2026-10-01T08:30,PREPARING,READY,30,12,READY,0,CLEAR
2026-10-01T07:30,S003,O020,2026-10-01T08:15,PREPARING,READY,40,6,NONE,0,CLEAR
2026-10-01T07:30,S002,O023,2026-10-01T07:45,PREPARING,READY,60,16,READY,0,CLEAR
2026-10-01T07:30,S010,O030,2026-10-01T09:30,NOT_READY,NOT_READY,10,8,READY,0,CLEAR
2026-10-01T07:30,S001,O031,2026-10-01T08:45,NOT_READY,NOT_READY,0,5,NONE,0,CLEAR
2026-10-01T07:35,S006,O001,2026-10-01T07:45,PREPARING,READY,90,5,READY,0,CLEAR
2026-10-01T07:35,S002,O005,2026-10-01T07:45,PREPARING,READY,70,10,READY,0,CLEAR
2026-10-01T07:35,S008,O006,2026-10-01T09:30,PREPARING,READY,10,11,READY,0,CLEAR
2026-10-01T07:35,S005,O010,2026-10-01T08:15,PREPARING,READY,40,3,NONE,0,CLEAR
2026-10-01T07:35,S008,O014,2026-10-01T09:15,PREPARING,READY,10,5,READY,0,CLEAR
2026-10-01T07:35,S007,O015,2026-10-01T08:30,PREPARING,READY,30,17,READY,0,CLEAR
2026-10-01T07:35,S003,O020,2026-10-01T08:15,PREPARING,READY,40,11,NONE,0,CLEAR
2026-10-01T07:35,S002,O023,2026-10-01T07:45,PREPARING,READY,80,3,READY,0,CLEAR
2026-10-01T07:35,S010,O030,2026-10-01T09:30,NOT_READY,NOT_READY,10,13,READY,0,CLEAR
2026-10-01T07:35,S001,O031,2026-10-01T08:45,PREPARING,READY,0,10,NONE,0,CLEAR
2026-10-01T07:40,S006,O001,2026-10-01T07:45,PREPARING,READY,90,10,READY,0,CLEAR
2026-10-01T07:40,S002,O005,2026-10-01T07:45,PREPARING,READY,70,15,READY,0,CLEAR
2026-10-01T07:40,S008,O006,2026-10-01T09:30,PREPARING,READY,10,16,READY,0,CLEAR
2026-10-01T07:40,S005,O010,2026-10-01T08:15,PREPARING,READY,40,8,NONE,0,CLEAR
2026-10-01T07:40,S008,O014,2026-10-01T09:15,PREPARING,READY,10,10,READY,0,CLEAR
2026-10-01T07:40,S007,O015,2026-10-01T08:30,PREPARING,READY,30,22,READY,0,CLEAR
2026-10-01T07:40,S003,O020,2026-10-01T08:15,PREPARING,READY,70,1,NONE,0,CLEAR
2026-10-01T07:40,S002,O023,2026-10-01T07:45,PREPARING,READY,80,8,READY,0,CLEAR
2026-10-01T07:40,S010,O030,2026-10-01T09:30,NOT_READY,NOT_READY,10,2,READY,0,CLEAR
2026-10-01T07:40,S001,O031,2026-10-01T08:45,PREPARING,READY,0,15,NONE,0,CLEAR
2026-10-01T07:45,S002,O005,2026-10-01T07:45,PREPARING,READY,90,3,READY,0,CLEAR
2026-10-01T07:45,S008,O006,2026-10-01T09:30,PREPARING,READY,10,21,READY,0,CLEAR
2026-10-01T07:45,S005,O010,2026-10-01T08:15,PREPARING,READY,40,13,NONE,0,CLEAR
2026-10-01T07:45,S008,O014,2026-10-01T09:15,PREPARING,READY,10,15,READY,0,CLEAR
2026-10-01T07:45,S007,O015,2026-10-01T08:30,PREPARING,READY,50,2,READY,0,CLEAR
2026-10-01T07:45,S003,O020,2026-10-01T08:15,PREPARING,READY,70,6,NONE,0,CLEAR
2026-10-01T07:45,S010,O030,2026-10-01T09:30,NOT_READY,NOT_READY,10,7,READY,0,CLEAR
2026-10-01T07:45,S001,O031,2026-10-01T08:45,PREPARING,READY,10,2,NONE,0,CLEAR
2026-10-01T07:50,S008,O006,2026-10-01T09:30,PREPARING,READY,20,1,READY,0,CLEAR
2026-10-01T07:50,S005,O010,2026-10-01T08:15,PREPARING,READY,40,18,NONE,0,CLEAR
2026-10-01T07:50,S008,O014,2026-10-01T09:15,PREPARING,READY,20,2,READY,0,CLEAR
2026-10-01T07:50,S007,O015,2026-10-01T08:30,PREPARING,READY,50,7,READY,0,CLEAR
2026-10-01T07:50,S003,O020,2026-10-01T08:15,PREPARING,READY,70,11,NONE,0,CLEAR
2026-10-01T07:50,S010,O030,2026-10-01T09:30,NOT_READY,NOT_READY,10,12,READY,0,CLEAR
2026-10-01T07:50,S001,O031,2026-10-01T08:45,PREPARING,READY,10,7,NONE,0,CLEAR
2026-10-01T07:55,S008,O006,2026-10-01T09:30,PREPARING,READY,20,6,READY,0,CLEAR
2026-10-01T07:55,S005,O010,2026-10-01T08:15,PREPARING,READY,40,23,NONE,0,CLEAR
2026-10-01T07:55,S008,O014,2026-10-01T09:15,PREPARING,READY,20,7,READY,0,CLEAR
2026-10-01T07:55,S007,O015,2026-10-01T08:30,PREPARING,READY,50,12,READY,0,CLEAR
2026-10-01T07:55,S003,O020,2026-10-01T08:15,PREPARING,READY,70,16,NONE,0,CLEAR
2026-10-01T07:55,S010,O030,2026-10-01T09:30,NOT_READY,NOT_READY,10,17,READY,0,CLEAR
2026-10-01T07:55,S001,O031,2026-10-01T08:45,PREPARING,READY,10,12,NONE,0,CLEAR
2026-10-01T08:00,S008,O006,2026-10-01T09:30,PREPARING,READY,20,11,READY,0,CLEAR
2026-10-01T08:00,S005,O010,2026-10-01T08:15,PREPARING,READY,80,2,NONE,0,CLEAR
2026-10-01T08:00,S008,O014,2026-10-01T09:15,PREPARING,READY,20,12,READY,0,CLEAR
2026-10-01T08:00,S007,O015,2026-10-01T08:30,PREPARING,READY,50,17,READY,0,CLEAR
2026-10-01T08:00,S001,O017,2026-10-01T10:00,NOT_READY,NOT_READY,10,20,NONE,0,CLEAR
2026-10-01T08:00,S003,O020,2026-10-01T08:15,PREPARING,READY,80,1,NONE,0,CLEAR
2026-10-01T08:00,S010,O030,2026-10-01T09:30,NOT_READY,NOT_READY,0,3,READY,0,CLEAR
2026-10-01T08:00,S001,O031,2026-10-01T08:45,PREPARING,READY,10,17,NONE,0,CLEAR
2026-10-01T08:05,S008,O006,2026-10-01T09:30,PREPARING,READY,20,16,READY,0,CLEAR
2026-10-01T08:05,S005,O010,2026-10-01T08:15,PREPARING,READY,80,7,NONE,0,CLEAR
2026-10-01T08:05,S008,O014,2026-10-01T09:15,PREPARING,READY,20,17,READY,0,CLEAR
2026-10-01T08:05,S007,O015,2026-10-01T08:30,PREPARING,READY,70,0,READY,0,CLEAR
2026-10-01T08:05,S001,O017,2026-10-01T10:00,NOT_READY,NOT_READY,10,1,NONE,0,CLEAR
2026-10-01T08:05,S003,O020,2026-10-01T08:15,PREPARING,READY,80,6,NONE,0,CLEAR
2026-10-01T08:05,S010,O030,2026-10-01T09:30,NOT_READY,NOT_READY,0,8,READY,0,CLEAR
2026-10-01T08:05,S001,O031,2026-10-01T08:45,PREPARING,READY,40,0,NONE,0,CLEAR
2026-10-01T08:10,S008,O006,2026-10-01T09:30,PREPARING,READY,20,21,READY,0,CLEAR
2026-10-01T08:10,S005,O010,2026-10-01T08:15,PREPARING,READY,80,12,NONE,0,CLEAR
2026-10-01T08:10,S008,O014,2026-10-01T09:15,PREPARING,READY,50,1,READY,0,CLEAR
2026-10-01T08:10,S007,O015,2026-10-01T08:30,PREPARING,READY,70,5,READY,0,CLEAR
2026-10-01T08:10,S001,O017,2026-10-01T10:00,NOT_READY,NOT_READY,10,6,NONE,0,CLEAR
2026-10-01T08:10,S003,O020,2026-10-01T08:15,PREPARING,READY,80,11,NONE,0,CLEAR
2026-10-01T08:10,S010,O030,2026-10-01T09:30,NOT_READY,NOT_READY,0,13,READY,0,CLEAR
2026-10-01T08:10,S001,O031,2026-10-01T08:45,PREPARING,READY,40,5,NONE,0,CLEAR
2026-10-01T08:15,S008,O006,2026-10-01T09:30,PREPARING,READY,40,2,READY,0,CLEAR
2026-10-01T08:15,S009,O009,2026-10-01T10:15,PREPARING,READY,10,0,NONE,0,CLEAR
2026-10-01T08:15,S005,O010,2026-10-01T08:15,PREPARING,READY,80,17,NONE,0,CLEAR
2026-10-01T08:15,S008,O014,2026-10-01T09:15,PREPARING,READY,50,6,READY,0,CLEAR
2026-10-01T08:15,S007,O015,2026-10-01T08:30,PREPARING,READY,70,10,READY,0,CLEAR
2026-10-01T08:15,S001,O017,2026-10-01T10:00,NOT_READY,NOT_READY,10,11,NONE,0,CLEAR
2026-10-01T08:15,S003,O020,2026-10-01T08:15,PREPARING,READY,80,16,NONE,0,CLEAR
2026-10-01T08:15,S010,O030,2026-10-01T09:30,NOT_READY,NOT_READY,0,18,READY,0,CLEAR
2026-10-01T08:15,S001,O031,2026-10-01T08:45,PREPARING,READY,40,10,NONE,0,CLEAR
2026-10-01T08:15,S010,O035,2026-10-01T10:15,NOT_READY,NOT_READY,0,9,READY,0,CLEAR
2026-10-01T08:20,S008,O006,2026-10-01T09:30,PREPARING,READY,40,7,READY,0,CLEAR
2026-10-01T08:20,S009,O009,2026-10-01T10:15,PREPARING,READY,10,5,NONE,0,CLEAR
2026-10-01T08:20,S008,O014,2026-10-01T09:15,PREPARING,READY,50,11,READY,0,CLEAR
2026-10-01T08:20,S007,O015,2026-10-01T08:30,PREPARING,READY,70,15,READY,0,CLEAR
2026-10-01T08:20,S001,O017,2026-10-01T10:00,NOT_READY,NOT_READY,10,16,NONE,0,CLEAR
2026-10-01T08:20,S003,O020,2026-10-01T08:15,DELAYED,READY,80,21,NONE,5,CLEAR
2026-10-01T08:20,S010,O030,2026-10-01T09:30,PREPARING,READY,0,2,READY,0,CLEAR
2026-10-01T08:20,S001,O031,2026-10-01T08:45,PREPARING,READY,40,15,NONE,0,CLEAR
2026-10-01T08:20,S010,O035,2026-10-01T10:15,NOT_READY,NOT_READY,0,14,READY,0,CLEAR
2026-10-01T08:25,S008,O006,2026-10-01T09:30,PREPARING,READY,40,12,READY,0,CLEAR
2026-10-01T08:25,S009,O009,2026-10-01T10:15,PREPARING,READY,10,10,NONE,0,CLEAR
2026-10-01T08:25,S008,O014,2026-10-01T09:15,PREPARING,READY,50,16,READY,0,CLEAR
2026-10-01T08:25,S007,O015,2026-10-01T08:30,PREPARING,READY,70,20,READY,0,CLEAR
2026-10-01T08:25,S001,O017,2026-10-01T10:00,NOT_READY,NOT_READY,10,1,NONE,0,CLEAR
2026-10-01T08:25,S003,O020,2026-10-01T08:15,DELAYED,READY,90,1,NONE,10,CLEAR
2026-10-01T08:25,S010,O030,2026-10-01T09:30,PREPARING,READY,0,7,READY,0,CLEAR
2026-10-01T08:25,S001,O031,2026-10-01T08:45,PREPARING,READY,40,20,NONE,0,CLEAR
2026-10-01T08:25,S010,O035,2026-10-01T10:15,NOT_READY,NOT_READY,0,19,READY,0,CLEAR
2026-10-01T08:30,S008,O006,2026-10-01T09:30,PREPARING,READY,50,0,READY,0,CLEAR
2026-10-01T08:30,S009,O009,2026-10-01T10:15,PREPARING,READY,10,15,NONE,0,CLEAR
2026-10-01T08:30,S008,O014,2026-10-01T09:15,PREPARING,READY,50,21,READY,0,CLEAR
2026-10-01T08:30,S007,O015,2026-10-01T08:30,PREPARING,READY,90,2,READY,0,CLEAR
2026-10-01T08:30,S001,O017,2026-10-01T10:00,NOT_READY,NOT_READY,10,6,NONE,0,CLEAR
2026-10-01T08:30,S003,O020,2026-10-01T08:15,DELAYED,READY,90,6,NONE,15,CLEAR
2026-10-01T08:30,S010,O030,2026-10-01T09:30,PREPARING,READY,0,12,READY,0,CLEAR
2026-10-01T08:30,S001,O031,2026-10-01T08:45,PREPARING,READY,40,25,NONE,0,CLEAR
2026-10-01T08:30,S010,O035,2026-10-01T10:15,NOT_READY,NOT_READY,0,24,READY,0,CLEAR
2026-10-01T08:35,S008,O006,2026-10-01T09:30,PREPARING,READY,50,5,READY,0,CLEAR
2026-10-01T08:35,S009,O009,2026-10-01T10:15,PREPARING,READY,10,20,NONE,0,CLEAR
2026-10-01T08:35,S008,O014,2026-10-01T09:15,PREPARING,READY,70,1,READY,0,CLEAR
2026-10-01T08:35,S001,O017,2026-10-01T10:00,NOT_READY,NOT_READY,10,11,NONE,0,CLEAR
2026-10-01T08:35,S010,O030,2026-10-01T09:30,PREPARING,READY,0,17,READY,0,CLEAR
2026-10-01T08:35,S001,O031,2026-10-01T08:45,PREPARING,READY,60,4,NONE,0,CLEAR
2026-10-01T08:35,S010,O035,2026-10-01T10:15,NOT_READY,NOT_READY,0,29,READY,0,CLEAR
2026-10-01T08:40,S008,O006,2026-10-01T09:30,PREPARING,READY,50,10,READY,0,CLEAR
2026-10-01T08:40,S009,O009,2026-10-01T10:15,PREPARING,READY,10,25,NONE,0,CLEAR
2026-10-01T08:40,S008,O014,2026-10-01T09:15,PREPARING,READY,70,6,READY,0,CLEAR
2026-10-01T08:40,S001,O017,2026-10-01T10:00,NOT_READY,NOT_READY,10,16,NONE,0,CLEAR
2026-10-01T08:40,S010,O030,2026-10-01T09:30,PREPARING,READY,0,22,READY,0,CLEAR
2026-10-01T08:40,S001,O031,2026-10-01T08:45,PREPARING,READY,60,9,NONE,0,CLEAR
2026-10-01T08:40,S010,O035,2026-10-01T10:15,NOT_READY,NOT_READY,0,4,READY,0,CLEAR
2026-10-01T08:45,S008,O006,2026-10-01T09:30,PREPARING,READY,50,15,READY,0,CLEAR
2026-10-01T08:45,S009,O009,2026-10-01T10:15,PREPARING,READY,30,3,NONE,0,CLEAR
2026-10-01T08:45,S008,O014,2026-10-01T09:15,PREPARING,READY,70,11,READY,0,CLEAR
2026-10-01T08:45,S001,O017,2026-10-01T10:00,NOT_READY,NOT_READY,10,21,NONE,0,CLEAR
2026-10-01T08:45,S010,O030,2026-10-01T09:30,PREPARING,READY,0,27,READY,0,CLEAR
2026-10-01T08:45,S001,O031,2026-10-01T08:45,PREPARING,READY,60,14,NONE,0,CLEAR
2026-10-01T08:45,S009,O032,2026-10-01T10:45,PREPARING,READY,0,3,NONE,0,CLEAR
2026-10-01T08:45,S010,O035,2026-10-01T10:15,NOT_READY,NOT_READY,0,9,READY,0,CLEAR
2026-10-01T08:50,S008,O006,2026-10-01T09:30,PREPARING,READY,50,20,READY,0,CLEAR
2026-10-01T08:50,S009,O009,2026-10-01T10:15,PREPARING,READY,30,8,NONE,0,CLEAR
2026-10-01T08:50,S008,O014,2026-10-01T09:15,PREPARING,READY,70,16,READY,0,CLEAR
2026-10-01T08:50,S001,O017,2026-10-01T10:00,NOT_READY,NOT_READY,0,1,NONE,0,CLEAR
2026-10-01T08:50,S010,O030,2026-10-01T09:30,PREPARING,READY,30,3,READY,0,CLEAR
2026-10-01T08:50,S001,O031,2026-10-01T08:45,DELAYED,READY,60,19,NONE,5,CLEAR
2026-10-01T08:50,S009,O032,2026-10-01T10:45,PREPARING,READY,0,8,NONE,0,CLEAR
2026-10-01T08:50,S010,O035,2026-10-01T10:15,NOT_READY,NOT_READY,0,14,READY,0,CLEAR
2026-10-01T08:55,S008,O006,2026-10-01T09:30,PREPARING,READY,50,25,READY,0,CLEAR
2026-10-01T08:55,S009,O009,2026-10-01T10:15,PREPARING,READY,30,13,NONE,0,CLEAR
2026-10-01T08:55,S008,O014,2026-10-01T09:15,PREPARING,READY,70,21,READY,0,CLEAR
2026-10-01T08:55,S001,O017,2026-10-01T10:00,NOT_READY,NOT_READY,0,6,NONE,0,CLEAR
2026-10-01T08:55,S010,O030,2026-10-01T09:30,PREPARING,READY,30,8,READY,0,CLEAR
2026-10-01T08:55,S001,O031,2026-10-01T08:45,DELAYED,READY,90,2,NONE,10,CLEAR
2026-10-01T08:55,S009,O032,2026-10-01T10:45,PREPARING,READY,0,13,NONE,0,CLEAR
2026-10-01T08:55,S010,O035,2026-10-01T10:15,NOT_READY,NOT_READY,0,19,READY,0,CLEAR
2026-10-01T09:00,S008,O006,2026-10-01T09:30,PREPARING,READY,80,1,READY,0,CLEAR
2026-10-01T09:00,S009,O009,2026-10-01T10:15,PREPARING,READY,30,18,NONE,0,CLEAR
2026-10-01T09:00,S008,O014,2026-10-01T09:15,PREPARING,READY,90,2,READY,0,CLEAR
2026-10-01T09:00,S001,O017,2026-10-01T10:00,NOT_READY,NOT_READY,0,11,NONE,0,CLEAR
2026-10-01T09:00,S010,O030,2026-10-01T09:30,PREPARING,READY,30,13,READY,0,CLEAR
2026-10-01T09:00,S009,O032,2026-10-01T10:45,PREPARING,READY,0,18,NONE,0,CLEAR
2026-10-01T09:00,S010,O035,2026-10-01T10:15,PREPARING,READY,0,1,READY,0,CLEAR
2026-10-01T09:05,S008,O006,2026-10-01T09:30,PREPARING,READY,80,6,READY,0,CLEAR
2026-10-01T09:05,S009,O009,2026-10-01T10:15,PREPARING,READY,30,23,NONE,0,CLEAR
2026-10-01T09:05,S008,O014,2026-10-01T09:15,PREPARING,READY,90,7,READY,0,CLEAR
2026-10-01T09:05,S001,O017,2026-10-01T10:00,NOT_READY,NOT_READY,0,16,NONE,0,CLEAR
2026-10-01T09:05,S010,O030,2026-10-01T09:30,PREPARING,READY,30,18,READY,0,CLEAR
2026-10-01T09:05,S009,O032,2026-10-01T10:45,PREPARING,READY,0,23,NONE,0,CLEAR
2026-10-01T09:05,S010,O035,2026-10-01T10:15,PREPARING,READY,0,6,READY,0,CLEAR
2026-10-01T09:10,S008,O006,2026-10-01T09:30,PREPARING,READY,80,11,READY,0,CLEAR
2026-10-01T09:10,S009,O009,2026-10-01T10:15,PREPARING,READY,30,28,NONE,0,CLEAR
2026-10-01T09:10,S008,O014,2026-10-01T09:15,PREPARING,READY,90,12,READY,0,CLEAR
2026-10-01T09:10,S001,O017,2026-10-01T10:00,NOT_READY,NOT_READY,0,0,NONE,0,CLEAR
2026-10-01T09:10,S010,O030,2026-10-01T09:30,PREPARING,READY,30,23,READY,0,CLEAR
2026-10-01T09:10,S009,O032,2026-10-01T10:45,PREPARING,READY,20,4,NONE,0,CLEAR
2026-10-01T09:10,S010,O035,2026-10-01T10:15,PREPARING,READY,0,11,READY,0,CLEAR
2026-10-01T09:15,S002,O003,2026-10-01T11:15,PREPARING,READY,0,16,READY,0,CLEAR
2026-10-01T09:15,S008,O006,2026-10-01T09:30,PREPARING,READY,90,1,READY,0,CLEAR
2026-10-01T09:15,S007,O008,2026-10-01T11:15,NOT_READY,NOT_READY,10,12,READY,0,CLEAR
2026-10-01T09:15,S009,O009,2026-10-01T10:15,PREPARING,READY,60,3,NONE,0,CLEAR
2026-10-01T09:15,S008,O014,2026-10-01T09:15,PREPARING,READY,90,17,READY,0,CLEAR
2026-10-01T09:15,S001,O017,2026-10-01T10:00,PREPARING,READY,0,5,NONE,0,CLEAR
2026-10-01T09:15,S010,O030,2026-10-01T09:30,PREPARING,READY,30,1,READY,0,CLEAR
2026-10-01T09:15,S009,O032,2026-10-01T10:45,PREPARING,READY,20,9,NONE,0,CLEAR
2026-10-01T09:15,S010,O035,2026-10-01T10:15,PREPARING,READY,0,16,READY,0,CLEAR
2026-10-01T09:20,S002,O003,2026-10-01T11:15,PREPARING,READY,0,21,READY,0,CLEAR
2026-10-01T09:20,S008,O006,2026-10-01T09:30,PREPARING,READY,90,6,READY,0,CLEAR
2026-10-01T09:20,S007,O008,2026-10-01T11:15,NOT_READY,NOT_READY,10,17,READY,0,CLEAR
2026-10-01T09:20,S009,O009,2026-10-01T10:15,PREPARING,READY,60,8,NONE,0,CLEAR
2026-10-01T09:20,S008,O014,2026-10-01T09:15,DELAYED,READY,90,22,READY,5,CLEAR
2026-10-01T09:20,S001,O017,2026-10-01T10:00,PREPARING,READY,0,10,NONE,0,CLEAR
2026-10-01T09:20,S010,O030,2026-10-01T09:30,PREPARING,READY,30,6,READY,0,CLEAR
2026-10-01T09:20,S009,O032,2026-10-01T10:45,PREPARING,READY,20,14,NONE,0,CLEAR
2026-10-01T09:20,S010,O035,2026-10-01T10:15,PREPARING,READY,0,21,READY,0,CLEAR
2026-10-01T09:25,S002,O003,2026-10-01T11:15,PREPARING,READY,20,1,READY,0,CLEAR
2026-10-01T09:25,S007,O008,2026-10-01T11:15,NOT_READY,NOT_READY,0,4,READY,0,CLEAR
2026-10-01T09:25,S009,O009,2026-10-01T10:15,PREPARING,READY,60,13,NONE,0,CLEAR
2026-10-01T09:25,S001,O017,2026-10-01T10:00,PREPARING,READY,0,15,NONE,0,CLEAR
2026-10-01T09:25,S010,O030,2026-10-01T09:30,PREPARING,READY,30,11,READY,0,CLEAR
2026-10-01T09:25,S009,O032,2026-10-01T10:45,PREPARING,READY,20,19,NONE,0,CLEAR
2026-10-01T09:25,S010,O035,2026-10-01T10:15,PREPARING,READY,20,4,READY,0,CLEAR
2026-10-01T09:30,S002,O003,2026-10-01T11:15,PREPARING,READY,20,6,READY,0,CLEAR
2026-10-01T09:30,S007,O008,2026-10-01T11:15,PREPARING,READY,0,9,READY,0,CLEAR
2026-10-01T09:30,S009,O009,2026-10-01T10:15,PREPARING,READY,70,0,NONE,0,CLEAR
2026-10-01T09:30,S001,O017,2026-10-01T10:00,PREPARING,READY,0,20,NONE,0,CLEAR
2026-10-01T09:30,S004,O018,2026-10-01T11:30,NOT_READY,NOT_READY,0,4,NONE,0,CLEAR
2026-10-01T09:30,S010,O030,2026-10-01T09:30,PREPARING,READY,30,16,READY,0,CLEAR
2026-10-01T09:30,S009,O032,2026-10-01T10:45,PREPARING,READY,20,24,NONE,0,CLEAR
2026-10-01T09:30,S010,O035,2026-10-01T10:15,PREPARING,READY,20,9,READY,0,CLEAR
2026-10-01T09:35,S002,O003,2026-10-01T11:15,PREPARING,READY,20,11,READY,0,CLEAR
2026-10-01T09:35,S007,O008,2026-10-01T11:15,PREPARING,READY,0,14,READY,0,CLEAR
2026-10-01T09:35,S009,O009,2026-10-01T10:15,PREPARING,READY,70,5,NONE,0,CLEAR
2026-10-01T09:35,S001,O017,2026-10-01T10:00,PREPARING,READY,0,25,NONE,0,CLEAR
2026-10-01T09:35,S004,O018,2026-10-01T11:30,NOT_READY,NOT_READY,0,9,NONE,0,CLEAR
2026-10-01T09:35,S010,O030,2026-10-01T09:30,DELAYED,READY,30,21,READY,5,CLEAR
2026-10-01T09:35,S009,O032,2026-10-01T10:45,PREPARING,READY,50,3,NONE,0,CLEAR
2026-10-01T09:35,S010,O035,2026-10-01T10:15,PREPARING,READY,20,14,READY,0,CLEAR
2026-10-01T09:40,S002,O003,2026-10-01T11:15,PREPARING,READY,20,16,READY,0,CLEAR
2026-10-01T09:40,S007,O008,2026-10-01T11:15,PREPARING,READY,0,19,READY,0,CLEAR
2026-10-01T09:40,S009,O009,2026-10-01T10:15,PREPARING,READY,70,10,NONE,0,CLEAR
2026-10-01T09:40,S001,O017,2026-10-01T10:00,PREPARING,READY,20,3,NONE,0,CLEAR
2026-10-01T09:40,S004,O018,2026-10-01T11:30,NOT_READY,NOT_READY,0,14,NONE,0,CLEAR
2026-10-01T09:40,S010,O030,2026-10-01T09:30,DELAYED,READY,60,2,READY,10,CLEAR
2026-10-01T09:40,S009,O032,2026-10-01T10:45,PREPARING,READY,50,8,NONE,0,CLEAR
2026-10-01T09:40,S010,O035,2026-10-01T10:15,PREPARING,READY,20,19,READY,0,CLEAR
2026-10-01T09:45,S002,O003,2026-10-01T11:15,PREPARING,READY,40,0,READY,0,CLEAR
2026-10-01T09:45,S007,O008,2026-10-01T11:15,PREPARING,READY,0,24,READY,0,CLEAR
2026-10-01T09:45,S009,O009,2026-10-01T10:15,PREPARING,READY,70,15,NONE,0,CLEAR
2026-10-01T09:45,S001,O017,2026-10-01T10:00,PREPARING,READY,20,8,NONE,0,CLEAR
2026-10-01T09:45,S004,O018,2026-10-01T11:30,NOT_READY,NOT_READY,0,19,NONE,0,CLEAR
2026-10-01T09:45,S010,O030,2026-10-01T09:30,DELAYED,READY,60,7,READY,15,CLEAR
2026-10-01T09:45,S009,O032,2026-10-01T10:45,PREPARING,READY,50,13,NONE,0,CLEAR
2026-10-01T09:45,S010,O035,2026-10-01T10:15,PREPARING,READY,20,24,READY,0,CLEAR
2026-10-01T09:50,S002,O003,2026-10-01T11:15,PREPARING,READY,40,5,READY,0,CLEAR
2026-10-01T09:50,S007,O008,2026-10-01T11:15,PREPARING,READY,10,4,READY,0,CLEAR
2026-10-01T09:50,S009,O009,2026-10-01T10:15,PREPARING,READY,70,20,NONE,0,CLEAR
2026-10-01T09:50,S001,O017,2026-10-01T10:00,PREPARING,READY,20,13,NONE,0,CLEAR
2026-10-01T09:50,S004,O018,2026-10-01T11:30,NOT_READY,NOT_READY,0,3,NONE,0,CLEAR
2026-10-01T09:50,S010,O030,2026-10-01T09:30,DELAYED,READY,60,12,READY,20,CLEAR
2026-10-01T09:50,S009,O032,2026-10-01T10:45,PREPARING,READY,50,18,NONE,0,CLEAR
2026-10-01T09:50,S010,O035,2026-10-01T10:15,PREPARING,READY,50,1,READY,0,CLEAR
2026-10-01T09:55,S002,O003,2026-10-01T11:15,PREPARING,READY,40,10,READY,0,CLEAR
2026-10-01T09:55,S007,O008,2026-10-01T11:15,PREPARING,READY,10,9,READY,0,CLEAR
2026-10-01T09:55,S009,O009,2026-10-01T10:15,PREPARING,READY,90,3,NONE,0,CLEAR
2026-10-01T09:55,S001,O017,2026-10-01T10:00,PREPARING,READY,50,2,NONE,0,CLEAR
2026-10-01T09:55,S004,O018,2026-10-01T11:30,NOT_READY,NOT_READY,0,8,NONE,0,CLEAR
2026-10-01T09:55,S010,O030,2026-10-01T09:30,DELAYED,READY,60,17,READY,25,CLEAR
2026-10-01T09:55,S009,O032,2026-10-01T10:45,PREPARING,READY,50,23,NONE,0,CLEAR
2026-10-01T09:55,S010,O035,2026-10-01T10:15,PREPARING,READY,50,6,READY,0,CLEAR
2026-10-01T10:00,S007,O002,2026-10-01T12:00,NOT_READY,NOT_READY,20,14,READY,0,CLEAR
2026-10-01T10:00,S002,O003,2026-10-01T11:15,PREPARING,READY,40,15,READY,0,CLEAR
2026-10-01T10:00,S007,O008,2026-10-01T11:15,PREPARING,READY,10,14,READY,0,CLEAR
2026-10-01T10:00,S009,O009,2026-10-01T10:15,PREPARING,READY,90,8,NONE,0,CLEAR
2026-10-01T10:00,S001,O017,2026-10-01T10:00,PREPARING,READY,50,7,NONE,0,CLEAR
2026-10-01T10:00,S004,O018,2026-10-01T11:30,NOT_READY,NOT_READY,0,13,NONE,0,CLEAR
2026-10-01T10:00,S010,O030,2026-10-01T09:30,DELAYED,READY,60,22,READY,30,CLEAR
2026-10-01T10:00,S009,O032,2026-10-01T10:45,PREPARING,READY,50,3,NONE,0,CLEAR
2026-10-01T10:00,S008,O033,2026-10-01T12:00,NOT_READY,NOT_READY,0,1,READY,0,CLEAR
2026-10-01T10:00,S010,O035,2026-10-01T10:15,PREPARING,READY,50,11,READY,0,CLEAR
2026-10-01T10:05,S007,O002,2026-10-01T12:00,NOT_READY,NOT_READY,0,2,READY,0,CLEAR
2026-10-01T10:05,S002,O003,2026-10-01T11:15,PREPARING,READY,40,20,READY,0,CLEAR
2026-10-01T10:05,S007,O008,2026-10-01T11:15,PREPARING,READY,10,19,READY,0,CLEAR
2026-10-01T10:05,S009,O009,2026-10-01T10:15,PREPARING,READY,90,13,NONE,0,CLEAR
2026-10-01T10:05,S001,O017,2026-10-01T10:00,DELAYED,READY,50,12,NONE,5,CLEAR
2026-10-01T10:05,S004,O018,2026-10-01T11:30,NOT_READY,NOT_READY,0,18,NONE,0,CLEAR
2026-10-01T10:05,S010,O030,2026-10-01T09:30,DELAYED,READY,90,1,READY,35,CLEAR
2026-10-01T10:05,S009,O032,2026-10-01T10:45,PREPARING,READY,50,8,NONE,0,CLEAR
2026-10-01T10:05,S008,O033,2026-10-01T12:00,NOT_READY,NOT_READY,0,6,READY,0,CLEAR
2026-10-01T10:05,S010,O035,2026-10-01T10:15,PREPARING,READY,50,0,READY,0,CLEAR
2026-10-01T10:10,S007,O002,2026-10-01T12:00,NOT_READY,NOT_READY,0,7,READY,0,CLEAR
2026-10-01T10:10,S002,O003,2026-10-01T11:15,PREPARING,READY,40,25,READY,0,CLEAR
2026-10-01T10:10,S007,O008,2026-10-01T11:15,PREPARING,READY,10,24,READY,0,CLEAR
2026-10-01T10:10,S001,O017,2026-10-01T10:00,DELAYED,READY,50,17,NONE,10,CLEAR
2026-10-01T10:10,S004,O018,2026-10-01T11:30,PREPARING,READY,0,23,NONE,0,CLEAR
2026-10-01T10:10,S010,O030,2026-10-01T09:30,DELAYED,READY,90,6,READY,40,CLEAR
2026-10-01T10:10,S009,O032,2026-10-01T10:45,PREPARING,READY,50,13,NONE,0,CLEAR
2026-10-01T10:10,S008,O033,2026-10-01T12:00,NOT_READY,NOT_READY,0,11,READY,0,CLEAR
2026-10-01T10:10,S010,O035,2026-10-01T10:15,PREPARING,READY,50,5,READY,0,CLEAR
2026-10-01T10:15,S007,O002,2026-10-01T12:00,NOT_READY,NOT_READY,0,12,READY,0,CLEAR
2026-10-01T10:15,S002,O003,2026-10-01T11:15,PREPARING,READY,60,3,READY,0,CLEAR
2026-10-01T10:15,S007,O008,2026-10-01T11:15,PREPARING,READY,40,3,READY,0,CLEAR
2026-10-01T10:15,S001,O017,2026-10-01T10:00,DELAYED,READY,50,22,NONE,15,CLEAR
2026-10-01T10:15,S004,O018,2026-10-01T11:30,PREPARING,READY,0,28,NONE,0,CLEAR
2026-10-01T10:15,S010,O030,2026-10-01T09:30,DELAYED,READY,90,11,READY,45,CLEAR
2026-10-01T10:15,S009,O032,2026-10-01T10:45,PREPARING,READY,50,18,NONE,0,CLEAR
2026-10-01T10:15,S008,O033,2026-10-01T12:00,NOT_READY,NOT_READY,0,16,READY,0,CLEAR
2026-10-01T10:15,S010,O035,2026-10-01T10:15,PREPARING,READY,50,10,READY,0,CLEAR
2026-10-01T10:20,S007,O002,2026-10-01T12:00,NOT_READY,NOT_READY,10,2,READY,0,CLEAR
2026-10-01T10:20,S002,O003,2026-10-01T11:15,PREPARING,READY,60,8,READY,0,CLEAR
2026-10-01T10:20,S007,O008,2026-10-01T11:15,PREPARING,READY,40,8,READY,0,CLEAR
2026-10-01T10:20,S001,O017,2026-10-01T10:00,DELAYED,READY,90,4,NONE,20,CLEAR
2026-10-01T10:20,S004,O018,2026-10-01T11:30,PREPARING,READY,20,4,NONE,0,CLEAR
2026-10-01T10:20,S010,O030,2026-10-01T09:30,DELAYED,READY,90,0,READY,50,CLEAR
2026-10-01T10:20,S009,O032,2026-10-01T10:45,PREPARING,READY,50,23,NONE,0,CLEAR
2026-10-01T10:20,S008,O033,2026-10-01T12:00,PREPARING,READY,0,4,READY,0,CLEAR
2026-10-01T10:20,S010,O035,2026-10-01T10:15,DELAYED,READY,50,15,READY,5,CLEAR
2026-10-01T10:25,S007,O002,2026-10-01T12:00,NOT_READY,NOT_READY,10,7,READY,0,CLEAR
2026-10-01T10:25,S002,O003,2026-10-01T11:15,PREPARING,READY,60,13,READY,0,CLEAR
2026-10-01T10:25,S007,O008,2026-10-01T11:15,PREPARING,READY,40,13,READY,0,CLEAR
2026-10-01T10:25,S001,O017,2026-10-01T10:00,DELAYED,READY,90,9,NONE,25,CLEAR
2026-10-01T10:25,S004,O018,2026-10-01T11:30,PREPARING,READY,20,9,NONE,0,CLEAR
2026-10-01T10:25,S009,O032,2026-10-01T10:45,PREPARING,READY,50,28,NONE,0,CLEAR
2026-10-01T10:25,S008,O033,2026-10-01T12:00,PREPARING,READY,0,9,READY,0,CLEAR
2026-10-01T10:25,S010,O035,2026-10-01T10:15,DELAYED,READY,50,20,READY,10,CLEAR
2026-10-01T10:30,S007,O002,2026-10-01T12:00,NOT_READY,NOT_READY,10,12,READY,0,CLEAR
2026-10-01T10:30,S002,O003,2026-10-01T11:15,PREPARING,READY,60,18,READY,0,CLEAR
2026-10-01T10:30,S007,O008,2026-10-01T11:15,PREPARING,READY,40,18,READY,0,CLEAR
2026-10-01T10:30,S001,O017,2026-10-01T10:00,DELAYED,READY,90,14,NONE,30,CLEAR
2026-10-01T10:30,S004,O018,2026-10-01T11:30,PREPARING,READY,20,14,NONE,0,CLEAR
2026-10-01T10:30,S001,O027,2026-10-01T12:30,NOT_READY,NOT_READY,10,11,NONE,0,CLEAR
2026-10-01T10:30,S009,O032,2026-10-01T10:45,PREPARING,READY,80,3,NONE,0,CLEAR
2026-10-01T10:30,S008,O033,2026-10-01T12:00,PREPARING,READY,0,14,READY,0,CLEAR
2026-10-01T10:30,S010,O035,2026-10-01T10:15,DELAYED,READY,90,4,READY,15,CLEAR
2026-10-01T10:35,S007,O002,2026-10-01T12:00,NOT_READY,NOT_READY,10,17,READY,0,CLEAR
2026-10-01T10:35,S002,O003,2026-10-01T11:15,PREPARING,READY,60,23,READY,0,CLEAR
2026-10-01T10:35,S007,O008,2026-10-01T11:15,PREPARING,READY,50,2,READY,0,CLEAR
2026-10-01T10:35,S004,O018,2026-10-01T11:30,PREPARING,READY,20,19,NONE,0,CLEAR
2026-10-01T10:35,S001,O027,2026-10-01T12:30,NOT_READY,NOT_READY,10,16,NONE,0,CLEAR
2026-10-01T10:35,S009,O032,2026-10-01T10:45,PREPARING,READY,80,8,NONE,0,CLEAR
2026-10-01T10:35,S008,O033,2026-10-01T12:00,PREPARING,READY,0,19,READY,0,CLEAR
2026-10-01T10:40,S007,O002,2026-10-01T12:00,PREPARING,READY,10,0,READY,0,CLEAR
2026-10-01T10:40,S002,O003,2026-10-01T11:15,PREPARING,READY,60,28,READY,0,CLEAR
2026-10-01T10:40,S007,O008,2026-10-01T11:15,PREPARING,READY,50,7,READY,0,CLEAR
2026-10-01T10:40,S004,O018,2026-10-01T11:30,PREPARING,READY,20,24,NONE,0,CLEAR
2026-10-01T10:40,S001,O027,2026-10-01T12:30,NOT_READY,NOT_READY,0,3,NONE,0,CLEAR
2026-10-01T10:40,S009,O032,2026-10-01T10:45,PREPARING,READY,80,13,NONE,0,CLEAR
2026-10-01T10:40,S008,O033,2026-10-01T12:00,PREPARING,READY,20,3,READY,0,CLEAR
2026-10-01T10:45,S007,O002,2026-10-01T12:00,PREPARING,READY,10,5,READY,0,CLEAR
2026-10-01T10:45,S002,O003,2026-10-01T11:15,PREPARING,READY,70,3,READY,0,CLEAR
2026-10-01T10:45,S007,O008,2026-10-01T11:15,PREPARING,READY,50,12,READY,0,CLEAR
2026-10-01T10:45,S008,O012,2026-10-01T12:45,PREPARING,READY,0,19,READY,0,CLEAR
2026-10-01T10:45,S004,O016,2026-10-01T12:45,PREPARING,READY,10,15,NONE,0,CLEAR
2026-10-01T10:45,S004,O018,2026-10-01T11:30,PREPARING,READY,40,3,NONE,0,CLEAR
2026-10-01T10:45,S001,O027,2026-10-01T12:30,NOT_READY,NOT_READY,0,8,NONE,0,CLEAR
2026-10-01T10:45,S009,O032,2026-10-01T10:45,PREPARING,READY,80,18,NONE,0,CLEAR
2026-10-01T10:45,S008,O033,2026-10-01T12:00,PREPARING,READY,20,8,READY,0,CLEAR
2026-10-01T10:50,S007,O002,2026-10-01T12:00,PREPARING,READY,10,10,READY,0,CLEAR
2026-10-01T10:50,S002,O003,2026-10-01T11:15,PREPARING,READY,70,8,READY,0,CLEAR
2026-10-01T10:50,S007,O008,2026-10-01T11:15,PREPARING,READY,50,17,READY,0,CLEAR
2026-10-01T10:50,S008,O012,2026-10-01T12:45,PREPARING,READY,0,3,READY,0,CLEAR
2026-10-01T10:50,S004,O016,2026-10-01T12:45,PREPARING,READY,10,20,NONE,0,CLEAR
2026-10-01T10:50,S004,O018,2026-10-01T11:30,PREPARING,READY,40,8,NONE,0,CLEAR
2026-10-01T10:50,S001,O027,2026-10-01T12:30,NOT_READY,NOT_READY,0,13,NONE,0,CLEAR
2026-10-01T10:50,S009,O032,2026-10-01T10:45,DELAYED,READY,80,23,NONE,5,CLEAR
2026-10-01T10:50,S008,O033,2026-10-01T12:00,PREPARING,READY,20,13,READY,0,CLEAR
2026-10-01T10:55,S007,O002,2026-10-01T12:00,PREPARING,READY,10,15,READY,0,CLEAR
2026-10-01T10:55,S002,O003,2026-10-01T11:15,PREPARING,READY,70,13,READY,0,CLEAR
2026-10-01T10:55,S007,O008,2026-10-01T11:15,PREPARING,READY,50,22,READY,0,CLEAR
2026-10-01T10:55,S008,O012,2026-10-01T12:45,PREPARING,READY,0,8,READY,0,CLEAR
2026-10-01T10:55,S004,O016,2026-10-01T12:45,PREPARING,READY,10,25,NONE,0,CLEAR
2026-10-01T10:55,S004,O018,2026-10-01T11:30,PREPARING,READY,40,13,NONE,0,CLEAR
2026-10-01T10:55,S001,O027,2026-10-01T12:30,NOT_READY,NOT_READY,0,18,NONE,0,CLEAR
2026-10-01T10:55,S008,O033,2026-10-01T12:00,PREPARING,READY,20,18,READY,0,CLEAR
2026-10-01T11:00,S007,O002,2026-10-01T12:00,PREPARING,READY,20,3,READY,0,CLEAR
2026-10-01T11:00,S002,O003,2026-10-01T11:15,PREPARING,READY,70,18,READY,0,CLEAR
2026-10-01T11:00,S007,O008,2026-10-01T11:15,PREPARING,READY,70,2,READY,0,CLEAR
2026-10-01T11:00,S008,O012,2026-10-01T12:45,PREPARING,READY,0,13,READY,0,CLEAR
2026-10-01T11:00,S004,O016,2026-10-01T12:45,PREPARING,READY,30,3,NONE,0,CLEAR
2026-10-01T11:00,S004,O018,2026-10-01T11:30,PREPARING,READY,40,18,NONE,0,CLEAR
2026-10-01T11:00,S001,O027,2026-10-01T12:30,NOT_READY,NOT_READY,0,23,NONE,0,CLEAR
2026-10-01T11:00,S008,O028,2026-10-01T13:00,NOT_READY,NOT_READY,0,11,READY,0,CLEAR
2026-10-01T11:00,S008,O033,2026-10-01T12:00,PREPARING,READY,20,23,READY,0,CLEAR
2026-10-01T11:05,S007,O002,2026-10-01T12:00,PREPARING,READY,20,8,READY,0,CLEAR
2026-10-01T11:05,S002,O003,2026-10-01T11:15,PREPARING,READY,70,23,READY,0,CLEAR
2026-10-01T11:05,S007,O008,2026-10-01T11:15,PREPARING,READY,70,7,READY,0,CLEAR
2026-10-01T11:05,S008,O012,2026-10-01T12:45,PREPARING,READY,0,18,READY,0,CLEAR
2026-10-01T11:05,S004,O016,2026-10-01T12:45,PREPARING,READY,30,8,NONE,0,CLEAR
2026-10-01T11:05,S004,O018,2026-10-01T11:30,PREPARING,READY,40,23,NONE,0,CLEAR
2026-10-01T11:05,S001,O027,2026-10-01T12:30,NOT_READY,NOT_READY,0,0,NONE,0,CLEAR
2026-10-01T11:05,S008,O028,2026-10-01T13:00,NOT_READY,NOT_READY,0,16,READY,0,CLEAR
2026-10-01T11:05,S008,O033,2026-10-01T12:00,PREPARING,READY,40,0,READY,0,CLEAR
2026-10-01T11:10,S007,O002,2026-10-01T12:00,PREPARING,READY,20,13,READY,0,CLEAR
2026-10-01T11:10,S008,O012,2026-10-01T12:45,PREPARING,READY,0,23,READY,0,CLEAR
2026-10-01T11:10,S004,O016,2026-10-01T12:45,PREPARING,READY,30,13,NONE,0,CLEAR
2026-10-01T11:10,S004,O018,2026-10-01T11:30,PREPARING,READY,40,28,NONE,0,CLEAR
2026-10-01T11:10,S001,O027,2026-10-01T12:30,PREPARING,READY,0,5,NONE,0,CLEAR
2026-10-01T11:10,S008,O028,2026-10-01T13:00,NOT_READY,NOT_READY,0,21,READY,0,CLEAR
2026-10-01T11:10,S008,O033,2026-10-01T12:00,PREPARING,READY,40,5,READY,0,CLEAR
2026-10-01T11:15,S007,O002,2026-10-01T12:00,PREPARING,READY,20,18,READY,0,CLEAR
2026-10-01T11:15,S007,O007,2026-10-01T13:15,NOT_READY,NOT_READY,0,4,READY,0,CLEAR
2026-10-01T11:15,S008,O012,2026-10-01T12:45,PREPARING,READY,20,4,READY,0,CLEAR
2026-10-01T11:15,S004,O016,2026-10-01T12:45,PREPARING,READY,30,18,NONE,0,CLEAR
2026-10-01T11:15,S004,O018,2026-10-01T11:30,PREPARING,READY,90,4,NONE,0,CLEAR
2026-10-01T11:15,S008,O019,2026-10-01T13:15,NOT_READY,NOT_READY,0,13,READY,0,CLEAR
2026-10-01T11:15,S001,O027,2026-10-01T12:30,PREPARING,READY,0,10,NONE,0,CLEAR
2026-10-01T11:15,S008,O028,2026-10-01T13:00,NOT_READY,NOT_READY,10,0,READY,0,CLEAR
2026-10-01T11:15,S008,O033,2026-10-01T12:00,PREPARING,READY,40,10,READY,0,CLEAR
2026-10-01T11:20,S007,O002,2026-10-01T12:00,PREPARING,READY,50,0,READY,0,CLEAR
2026-10-01T11:20,S007,O007,2026-10-01T13:15,NOT_READY,NOT_READY,0,9,READY,0,CLEAR
2026-10-01T11:20,S008,O012,2026-10-01T12:45,PREPARING,READY,20,9,READY,0,CLEAR
2026-10-01T11:20,S004,O016,2026-10-01T12:45,PREPARING,READY,30,23,NONE,0,CLEAR
2026-10-01T11:20,S004,O018,2026-10-01T11:30,PREPARING,READY,90,9,NONE,0,CLEAR
2026-10-01T11:20,S008,O019,2026-10-01T13:15,NOT_READY,NOT_READY,0,18,READY,0,CLEAR
2026-10-01T11:20,S001,O027,2026-10-01T12:30,PREPARING,READY,0,15,NONE,0,CLEAR
2026-10-01T11:20,S008,O028,2026-10-01T13:00,NOT_READY,NOT_READY,10,5,READY,0,CLEAR
2026-10-01T11:20,S008,O033,2026-10-01T12:00,PREPARING,READY,40,15,READY,0,CLEAR
2026-10-01T11:25,S007,O002,2026-10-01T12:00,PREPARING,READY,50,5,READY,0,CLEAR
2026-10-01T11:25,S007,O007,2026-10-01T13:15,NOT_READY,NOT_READY,0,14,READY,0,CLEAR
2026-10-01T11:25,S008,O012,2026-10-01T12:45,PREPARING,READY,20,14,READY,0,CLEAR
2026-10-01T11:25,S004,O016,2026-10-01T12:45,PREPARING,READY,30,4,NONE,0,CLEAR
2026-10-01T11:25,S004,O018,2026-10-01T11:30,PREPARING,READY,90,14,NONE,0,CLEAR
2026-10-01T11:25,S008,O019,2026-10-01T13:15,NOT_READY,NOT_READY,0,23,READY,0,CLEAR
2026-10-01T11:25,S001,O027,2026-10-01T12:30,PREPARING,READY,0,20,NONE,0,CLEAR
2026-10-01T11:25,S008,O028,2026-10-01T13:00,NOT_READY,NOT_READY,10,10,READY,0,CLEAR
2026-10-01T11:25,S008,O033,2026-10-01T12:00,PREPARING,READY,40,20,READY,0,CLEAR
2026-10-01T11:30,S007,O002,2026-10-01T12:00,PREPARING,READY,50,10,READY,0,CLEAR
2026-10-01T11:30,S002,O004,2026-10-01T13:30,NOT_READY,NOT_READY,10,9,READY,0,CLEAR
2026-10-01T11:30,S007,O007,2026-10-01T13:15,NOT_READY,NOT_READY,0,19,READY,0,CLEAR
2026-10-01T11:30,S008,O012,2026-10-01T12:45,PREPARING,READY,20,19,READY,0,CLEAR
2026-10-01T11:30,S004,O016,2026-10-01T12:45,PREPARING,READY,30,9,NONE,0,CLEAR
2026-10-01T11:30,S008,O019,2026-10-01T13:15,NOT_READY,NOT_READY,10,0,READY,0,CLEAR
2026-10-01T11:30,S004,O021,2026-10-01T13:30,NOT_READY,NOT_READY,0,0,NONE,0,CLEAR
2026-10-01T11:30,S001,O027,2026-10-01T12:30,PREPARING,READY,0,25,NONE,0,CLEAR
2026-10-01T11:30,S008,O028,2026-10-01T13:00,NOT_READY,NOT_READY,10,15,READY,0,CLEAR
2026-10-01T11:30,S008,O033,2026-10-01T12:00,PREPARING,READY,60,3,READY,0,CLEAR
2026-10-01T11:35,S007,O002,2026-10-01T12:00,PREPARING,READY,50,15,READY,0,CLEAR
2026-10-01T11:35,S002,O004,2026-10-01T13:30,NOT_READY,NOT_READY,10,14,READY,0,CLEAR
2026-10-01T11:35,S007,O007,2026-10-01T13:15,NOT_READY,NOT_READY,20,2,READY,0,CLEAR
2026-10-01T11:35,S008,O012,2026-10-01T12:45,PREPARING,READY,20,24,READY,0,CLEAR
2026-10-01T11:35,S004,O016,2026-10-01T12:45,PREPARING,READY,30,14,NONE,0,CLEAR
2026-10-01T11:35,S008,O019,2026-10-01T13:15,NOT_READY,NOT_READY,10,5,READY,0,CLEAR
2026-10-01T11:35,S004,O021,2026-10-01T13:30,NOT_READY,NOT_READY,0,5,NONE,0,CLEAR
2026-10-01T11:35,S001,O027,2026-10-01T12:30,PREPARING,READY,50,1,NONE,0,CLEAR
2026-10-01T11:35,S008,O028,2026-10-01T13:00,NOT_READY,NOT_READY,0,3,READY,0,CLEAR
2026-10-01T11:35,S008,O033,2026-10-01T12:00,PREPARING,READY,60,8,READY,0,CLEAR
2026-10-01T11:40,S007,O002,2026-10-01T12:00,PREPARING,READY,70,1,READY,0,CLEAR
2026-10-01T11:40,S002,O004,2026-10-01T13:30,NOT_READY,NOT_READY,10,19,READY,0,CLEAR
2026-10-01T11:40,S007,O007,2026-10-01T13:15,NOT_READY,NOT_READY,20,7,READY,0,CLEAR
2026-10-01T11:40,S008,O012,2026-10-01T12:45,PREPARING,READY,40,0,READY,0,CLEAR
2026-10-01T11:40,S004,O016,2026-10-01T12:45,PREPARING,READY,30,19,NONE,0,CLEAR
2026-10-01T11:40,S008,O019,2026-10-01T13:15,NOT_READY,NOT_READY,10,10,READY,0,CLEAR
2026-10-01T11:40,S004,O021,2026-10-01T13:30,NOT_READY,NOT_READY,0,10,NONE,0,CLEAR
2026-10-01T11:40,S001,O027,2026-10-01T12:30,PREPARING,READY,50,6,NONE,0,CLEAR
2026-10-01T11:40,S008,O028,2026-10-01T13:00,PREPARING,READY,0,8,READY,0,CLEAR
2026-10-01T11:40,S008,O033,2026-10-01T12:00,PREPARING,READY,60,13,READY,0,CLEAR
2026-10-01T11:45,S007,O002,2026-10-01T12:00,PREPARING,READY,70,6,READY,0,CLEAR
2026-10-01T11:45,S002,O004,2026-10-01T13:30,NOT_READY,NOT_READY,10,24,READY,0,CLEAR
2026-10-01T11:45,S007,O007,2026-10-01T13:15,NOT_READY,NOT_READY,20,12,READY,0,CLEAR
2026-10-01T11:45,S008,O012,2026-10-01T12:45,PREPARING,READY,40,5,READY,0,CLEAR
2026-10-01T11:45,S004,O016,2026-10-01T12:45,PREPARING,READY,60,3,NONE,0,CLEAR
2026-10-01T11:45,S008,O019,2026-10-01T13:15,PREPARING,READY,10,15,READY,0,CLEAR
2026-10-01T11:45,S004,O021,2026-10-01T13:30,NOT_READY,NOT_READY,0,15,NONE,0,CLEAR
2026-10-01T11:45,S001,O027,2026-10-01T12:30,PREPARING,READY,50,11,NONE,0,CLEAR
2026-10-01T11:45,S008,O028,2026-10-01T13:00,PREPARING,READY,0,13,READY,0,CLEAR
2026-10-01T11:45,S008,O033,2026-10-01T12:00,PREPARING,READY,60,18,READY,0,CLEAR
2026-10-01T11:50,S007,O002,2026-10-01T12:00,PREPARING,READY,70,11,READY,0,CLEAR
2026-10-01T11:50,S002,O004,2026-10-01T13:30,NOT_READY,NOT_READY,0,2,READY,0,CLEAR
2026-10-01T11:50,S007,O007,2026-10-01T13:15,NOT_READY,NOT_READY,20,17,READY,0,CLEAR
2026-10-01T11:50,S008,O012,2026-10-01T12:45,PREPARING,READY,40,10,READY,0,CLEAR
2026-10-01T11:50,S004,O016,2026-10-01T12:45,PREPARING,READY,60,8,NONE,0,CLEAR
2026-10-01T11:50,S008,O019,2026-10-01T13:15,PREPARING,READY,10,20,READY,0,CLEAR
2026-10-01T11:50,S004,O021,2026-10-01T13:30,NOT_READY,NOT_READY,0,20,NONE,0,CLEAR
2026-10-01T11:50,S001,O027,2026-10-01T12:30,PREPARING,READY,50,16,NONE,0,CLEAR
2026-10-01T11:50,S008,O028,2026-10-01T13:00,PREPARING,READY,0,18,READY,0,CLEAR
2026-10-01T11:50,S008,O033,2026-10-01T12:00,PREPARING,READY,80,2,READY,0,CLEAR
2026-10-01T11:55,S007,O002,2026-10-01T12:00,PREPARING,READY,70,16,READY,0,CLEAR
2026-10-01T11:55,S002,O004,2026-10-01T13:30,NOT_READY,NOT_READY,0,7,READY,0,CLEAR
2026-10-01T11:55,S007,O007,2026-10-01T13:15,NOT_READY,NOT_READY,0,0,READY,0,CLEAR
2026-10-01T11:55,S008,O012,2026-10-01T12:45,PREPARING,READY,40,15,READY,0,CLEAR
2026-10-01T11:55,S004,O016,2026-10-01T12:45,PREPARING,READY,60,13,NONE,0,CLEAR
2026-10-01T11:55,S008,O019,2026-10-01T13:15,PREPARING,READY,10,25,READY,0,CLEAR
2026-10-01T11:55,S004,O021,2026-10-01T13:30,NOT_READY,NOT_READY,0,3,NONE,0,CLEAR
2026-10-01T11:55,S001,O027,2026-10-01T12:30,PREPARING,READY,50,21,NONE,0,CLEAR
2026-10-01T11:55,S008,O028,2026-10-01T13:00,PREPARING,READY,0,23,READY,0,CLEAR
2026-10-01T11:55,S008,O033,2026-10-01T12:00,PREPARING,READY,80,7,READY,0,CLEAR
2026-10-01T12:00,S002,O004,2026-10-01T13:30,PREPARING,READY,0,12,READY,0,CLEAR
2026-10-01T12:00,S007,O007,2026-10-01T13:15,NOT_READY,NOT_READY,0,5,READY,0,CLEAR
2026-10-01T12:00,S008,O012,2026-10-01T12:45,PREPARING,READY,40,20,READY,0,CLEAR
2026-10-01T12:00,S004,O016,2026-10-01T12:45,PREPARING,READY,60,18,NONE,0,CLEAR
2026-10-01T12:00,S008,O019,2026-10-01T13:15,PREPARING,READY,10,2,READY,0,CLEAR
2026-10-01T12:00,S004,O021,2026-10-01T13:30,NOT_READY,NOT_READY,0,8,NONE,0,CLEAR
2026-10-01T12:00,S001,O027,2026-10-01T12:30,PREPARING,READY,70,0,NONE,0,CLEAR
2026-10-01T12:00,S008,O028,2026-10-01T13:00,PREPARING,READY,20,0,READY,0,CLEAR
2026-10-01T12:05,S002,O004,2026-10-01T13:30,PREPARING,READY,0,17,READY,0,CLEAR
2026-10-01T12:05,S007,O007,2026-10-01T13:15,PREPARING,READY,0,10,READY,0,CLEAR
2026-10-01T12:05,S008,O012,2026-10-01T12:45,PREPARING,READY,70,0,READY,0,CLEAR
2026-10-01T12:05,S004,O016,2026-10-01T12:45,PREPARING,READY,80,4,NONE,0,CLEAR
2026-10-01T12:05,S008,O019,2026-10-01T13:15,PREPARING,READY,10,7,READY,0,CLEAR
2026-10-01T12:05,S004,O021,2026-10-01T13:30,NOT_READY,NOT_READY,0,13,NONE,0,CLEAR
2026-10-01T12:05,S001,O027,2026-10-01T12:30,PREPARING,READY,70,5,NONE,0,CLEAR
2026-10-01T12:05,S008,O028,2026-10-01T13:00,PREPARING,READY,20,5,READY,0,CLEAR
2026-10-01T12:10,S002,O004,2026-10-01T13:30,PREPARING,READY,0,22,READY,0,CLEAR
2026-10-01T12:10,S007,O007,2026-10-01T13:15,PREPARING,READY,0,15,READY,0,CLEAR
2026-10-01T12:10,S008,O012,2026-10-01T12:45,PREPARING,READY,70,5,READY,0,CLEAR
2026-10-01T12:10,S004,O016,2026-10-01T12:45,PREPARING,READY,80,9,NONE,0,CLEAR
2026-10-01T12:10,S008,O019,2026-10-01T13:15,PREPARING,READY,10,12,READY,0,CLEAR
2026-10-01T12:10,S004,O021,2026-10-01T13:30,NOT_READY,NOT_READY,0,2,NONE,0,CLEAR
2026-10-01T12:10,S001,O027,2026-10-01T12:30,PREPARING,READY,70,10,NONE,0,CLEAR
2026-10-01T12:10,S008,O028,2026-10-01T13:00,PREPARING,READY,20,10,READY,0,CLEAR
2026-10-01T12:15,S002,O004,2026-10-01T13:30,PREPARING,READY,0,27,READY,0,CLEAR
2026-10-01T12:15,S007,O007,2026-10-01T13:15,PREPARING,READY,0,3,READY,0,CLEAR
2026-10-01T12:15,S008,O012,2026-10-01T12:45,PREPARING,READY,70,10,READY,0,CLEAR
2026-10-01T12:15,S004,O016,2026-10-01T12:45,PREPARING,READY,80,14,NONE,0,CLEAR
2026-10-01T12:15,S008,O019,2026-10-01T13:15,PREPARING,READY,30,2,READY,0,CLEAR
2026-10-01T12:15,S004,O021,2026-10-01T13:30,PREPARING,READY,0,7,NONE,0,CLEAR
2026-10-01T12:15,S001,O027,2026-10-01T12:30,PREPARING,READY,70,15,NONE,0,CLEAR
2026-10-01T12:15,S008,O028,2026-10-01T13:00,PREPARING,READY,20,15,READY,0,CLEAR
2026-10-01T12:20,S002,O004,2026-10-01T13:30,PREPARING,READY,0,4,READY,0,CLEAR
2026-10-01T12:20,S007,O007,2026-10-01T13:15,PREPARING,READY,0,8,READY,0,CLEAR
2026-10-01T12:20,S008,O012,2026-10-01T12:45,PREPARING,READY,70,15,READY,0,CLEAR
2026-10-01T12:20,S004,O016,2026-10-01T12:45,PREPARING,READY,90,1,NONE,0,CLEAR
2026-10-01T12:20,S008,O019,2026-10-01T13:15,PREPARING,READY,30,7,READY,0,CLEAR
2026-10-01T12:20,S004,O021,2026-10-01T13:30,PREPARING,READY,0,12,NONE,0,CLEAR
2026-10-01T12:20,S001,O027,2026-10-01T12:30,PREPARING,READY,70,20,NONE,0,CLEAR
2026-10-01T12:20,S008,O028,2026-10-01T13:00,PREPARING,READY,20,20,READY,0,CLEAR
2026-10-01T12:25,S002,O004,2026-10-01T13:30,PREPARING,READY,0,9,READY,0,CLEAR
2026-10-01T12:25,S007,O007,2026-10-01T13:15,PREPARING,READY,0,13,READY,0,CLEAR
2026-10-01T12:25,S008,O012,2026-10-01T12:45,PREPARING,READY,70,20,READY,0,CLEAR
2026-10-01T12:25,S004,O016,2026-10-01T12:45,PREPARING,READY,90,6,NONE,0,CLEAR
2026-10-01T12:25,S008,O019,2026-10-01T13:15,PREPARING,READY,30,12,READY,0,CLEAR
2026-10-01T12:25,S004,O021,2026-10-01T13:30,PREPARING,READY,0,17,NONE,0,CLEAR
2026-10-01T12:25,S001,O027,2026-10-01T12:30,PREPARING,READY,70,25,NONE,0,CLEAR
2026-10-01T12:25,S008,O028,2026-10-01T13:00,PREPARING,READY,70,1,READY,0,CLEAR
2026-10-01T12:30,S002,O004,2026-10-01T13:30,PREPARING,READY,0,14,READY,0,CLEAR
2026-10-01T12:30,S007,O007,2026-10-01T13:15,PREPARING,READY,0,18,READY,0,CLEAR
2026-10-01T12:30,S008,O012,2026-10-01T12:45,PREPARING,READY,80,2,READY,0,CLEAR
2026-10-01T12:30,S004,O016,2026-10-01T12:45,PREPARING,READY,90,11,NONE,0,CLEAR
2026-10-01T12:30,S008,O019,2026-10-01T13:15,PREPARING,READY,20,2,READY,0,CLEAR
2026-10-01T12:30,S004,O021,2026-10-01T13:30,PREPARING,READY,0,22,NONE,0,CLEAR
2026-10-01T12:30,S003,O024,2026-10-01T14:30,PREPARING,READY,0,11,NONE,0,CLEAR
2026-10-01T12:30,S002,O026,2026-10-01T14:30,NOT_READY,NOT_READY,30,4,READY,0,CLEAR
2026-10-01T12:30,S008,O028,2026-10-01T13:00,PREPARING,READY,70,6,READY,0,CLEAR
2026-10-01T12:35,S002,O004,2026-10-01T13:30,PREPARING,READY,0,19,READY,0,CLEAR
2026-10-01T12:35,S007,O007,2026-10-01T13:15,PREPARING,READY,0,23,READY,0,CLEAR
2026-10-01T12:35,S008,O012,2026-10-01T12:45,PREPARING,READY,80,7,READY,0,CLEAR
2026-10-01T12:35,S004,O016,2026-10-01T12:45,PREPARING,READY,90,1,NONE,0,CLEAR
2026-10-01T12:35,S008,O019,2026-10-01T13:15,PREPARING,READY,20,7,READY,0,CLEAR
2026-10-01T12:35,S004,O021,2026-10-01T13:30,PREPARING,READY,30,1,NONE,0,CLEAR
2026-10-01T12:35,S003,O024,2026-10-01T14:30,PREPARING,READY,0,16,NONE,0,CLEAR
2026-10-01T12:35,S002,O026,2026-10-01T14:30,NOT_READY,NOT_READY,30,9,READY,0,CLEAR
2026-10-01T12:35,S008,O028,2026-10-01T13:00,PREPARING,READY,70,11,READY,0,CLEAR
2026-10-01T12:40,S002,O004,2026-10-01T13:30,PREPARING,READY,0,24,READY,0,CLEAR
2026-10-01T12:40,S007,O007,2026-10-01T13:15,PREPARING,READY,40,3,READY,0,CLEAR
2026-10-01T12:40,S008,O012,2026-10-01T12:45,PREPARING,READY,80,12,READY,0,CLEAR
2026-10-01T12:40,S008,O019,2026-10-01T13:15,PREPARING,READY,20,12,READY,0,CLEAR
2026-10-01T12:40,S004,O021,2026-10-01T13:30,PREPARING,READY,30,6,NONE,0,CLEAR
2026-10-01T12:40,S003,O024,2026-10-01T14:30,PREPARING,READY,0,21,NONE,0,CLEAR
2026-10-01T12:40,S002,O026,2026-10-01T14:30,NOT_READY,NOT_READY,30,14,READY,0,CLEAR
2026-10-01T12:40,S008,O028,2026-10-01T13:00,PREPARING,READY,70,16,READY,0,CLEAR
2026-10-01T12:45,S002,O004,2026-10-01T13:30,PREPARING,READY,0,29,READY,0,CLEAR
2026-10-01T12:45,S007,O007,2026-10-01T13:15,PREPARING,READY,40,8,READY,0,CLEAR
2026-10-01T12:45,S008,O019,2026-10-01T13:15,PREPARING,READY,20,17,READY,0,CLEAR
2026-10-01T12:45,S004,O021,2026-10-01T13:30,PREPARING,READY,30,11,NONE,0,CLEAR
2026-10-01T12:45,S003,O024,2026-10-01T14:30,PREPARING,READY,0,26,NONE,0,CLEAR
2026-10-01T12:45,S007,O025,2026-10-01T14:45,NOT_READY,NOT_READY,0,6,READY,0,CLEAR
2026-10-01T12:45,S002,O026,2026-10-01T14:30,NOT_READY,NOT_READY,30,19,READY,0,CLEAR
2026-10-01T12:45,S008,O028,2026-10-01T13:00,PREPARING,READY,70,21,READY,0,CLEAR
2026-10-01T12:50,S002,O004,2026-10-01T13:30,PREPARING,READY,60,4,READY,0,CLEAR
2026-10-01T12:50,S007,O007,2026-10-01T13:15,PREPARING,READY,40,13,READY,0,CLEAR
2026-10-01T12:50,S008,O019,2026-10-01T13:15,PREPARING,READY,60,3,READY,0,CLEAR
2026-10-01T12:50,S004,O021,2026-10-01T13:30,PREPARING,READY,30,16,NONE,0,CLEAR
2026-10-01T12:50,S003,O024,2026-10-01T14:30,PREPARING,READY,20,1,NONE,0,CLEAR
2026-10-01T12:50,S007,O025,2026-10-01T14:45,NOT_READY,NOT_READY,0,11,READY,0,CLEAR
2026-10-01T12:50,S002,O026,2026-10-01T14:30,NOT_READY,NOT_READY,30,24,READY,0,CLEAR
2026-10-01T12:50,S008,O028,2026-10-01T13:00,PREPARING,READY,70,26,READY,0,CLEAR
2026-10-01T12:55,S002,O004,2026-10-01T13:30,PREPARING,READY,60,9,READY,0,CLEAR
2026-10-01T12:55,S007,O007,2026-10-01T13:15,PREPARING,READY,40,18,READY,0,CLEAR
2026-10-01T12:55,S008,O019,2026-10-01T13:15,PREPARING,READY,60,8,READY,0,CLEAR
2026-10-01T12:55,S004,O021,2026-10-01T13:30,PREPARING,READY,40,0,NONE,0,CLEAR
2026-10-01T12:55,S003,O024,2026-10-01T14:30,PREPARING,READY,20,6,NONE,0,CLEAR
2026-10-01T12:55,S007,O025,2026-10-01T14:45,NOT_READY,NOT_READY,0,16,READY,0,CLEAR
2026-10-01T12:55,S002,O026,2026-10-01T14:30,NOT_READY,NOT_READY,10,4,READY,0,CLEAR
2026-10-01T12:55,S008,O028,2026-10-01T13:00,PREPARING,READY,80,2,READY,0,CLEAR
2026-10-01T13:00,S002,O004,2026-10-01T13:30,PREPARING,READY,60,14,READY,0,CLEAR
2026-10-01T13:00,S007,O007,2026-10-01T13:15,PREPARING,READY,40,23,READY,0,CLEAR
2026-10-01T13:00,S010,O011,2026-10-01T15:00,NOT_READY,NOT_READY,0,0,READY,0,CLEAR
2026-10-01T13:00,S008,O019,2026-10-01T13:15,PREPARING,READY,60,13,READY,0,CLEAR
2026-10-01T13:00,S004,O021,2026-10-01T13:30,PREPARING,READY,40,5,NONE,0,CLEAR
2026-10-01T13:00,S006,O022,2026-10-01T15:00,NOT_READY,NOT_READY,0,0,READY,0,CLEAR
2026-10-01T13:00,S003,O024,2026-10-01T14:30,PREPARING,READY,20,11,NONE,0,CLEAR
2026-10-01T13:00,S007,O025,2026-10-01T14:45,NOT_READY,NOT_READY,0,4,READY,0,CLEAR
2026-10-01T13:00,S002,O026,2026-10-01T14:30,NOT_READY,NOT_READY,10,9,READY,0,CLEAR
2026-10-01T13:00,S008,O028,2026-10-01T13:00,PREPARING,READY,80,7,READY,0,CLEAR
2026-10-01T13:00,S006,O029,2026-10-01T15:00,NOT_READY,NOT_READY,0,25,READY,0,CLEAR
2026-10-01T13:05,S002,O004,2026-10-01T13:30,PREPARING,READY,60,3,READY,0,CLEAR
2026-10-01T13:05,S007,O007,2026-10-01T13:15,PREPARING,READY,90,2,READY,0,CLEAR
2026-10-01T13:05,S010,O011,2026-10-01T15:00,NOT_READY,NOT_READY,0,5,READY,0,CLEAR
2026-10-01T13:05,S008,O019,2026-10-01T13:15,PREPARING,READY,60,18,READY,0,CLEAR
2026-10-01T13:05,S004,O021,2026-10-01T13:30,PREPARING,READY,40,10,NONE,0,CLEAR
2026-10-01T13:05,S006,O022,2026-10-01T15:00,NOT_READY,NOT_READY,0,5,READY,0,CLEAR
2026-10-01T13:05,S003,O024,2026-10-01T14:30,PREPARING,READY,20,16,NONE,0,CLEAR
2026-10-01T13:05,S007,O025,2026-10-01T14:45,NOT_READY,NOT_READY,0,9,READY,0,CLEAR
2026-10-01T13:05,S002,O026,2026-10-01T14:30,PREPARING,READY,10,14,READY,0,CLEAR
2026-10-01T13:05,S006,O029,2026-10-01T15:00,PREPARING,READY,0,2,READY,0,CLEAR
2026-10-01T13:10,S002,O004,2026-10-01T13:30,PREPARING,READY,60,8,READY,0,CLEAR
2026-10-01T13:10,S007,O007,2026-10-01T13:15,PREPARING,READY,90,7,READY,0,CLEAR
2026-10-01T13:10,S010,O011,2026-10-01T15:00,NOT_READY,NOT_READY,0,10,READY,0,CLEAR
2026-10-01T13:10,S008,O019,2026-10-01T13:15,PREPARING,READY,80,0,READY,0,CLEAR
2026-10-01T13:10,S004,O021,2026-10-01T13:30,PREPARING,READY,40,15,NONE,0,CLEAR
2026-10-01T13:10,S006,O022,2026-10-01T15:00,NOT_READY,NOT_READY,0,10,READY,0,CLEAR
2026-10-01T13:10,S003,O024,2026-10-01T14:30,PREPARING,READY,20,21,NONE,0,CLEAR
2026-10-01T13:10,S007,O025,2026-10-01T14:45,NOT_READY,NOT_READY,0,14,READY,0,CLEAR
2026-10-01T13:10,S002,O026,2026-10-01T14:30,PREPARING,READY,10,19,READY,0,CLEAR
2026-10-01T13:10,S006,O029,2026-10-01T15:00,PREPARING,READY,0,7,READY,0,CLEAR
2026-10-01T13:15,S002,O004,2026-10-01T13:30,PREPARING,READY,60,13,READY,0,CLEAR
2026-10-01T13:15,S007,O007,2026-10-01T13:15,PREPARING,READY,90,12,READY,0,CLEAR
2026-10-01T13:15,S010,O011,2026-10-01T15:00,PREPARING,READY,0,15,READY,0,CLEAR
2026-10-01T13:15,S008,O019,2026-10-01T13:15,PREPARING,READY,80,5,READY,0,CLEAR
2026-10-01T13:15,S004,O021,2026-10-01T13:30,PREPARING,READY,70,0,NONE,0,CLEAR
2026-10-01T13:15,S006,O022,2026-10-01T15:00,PREPARING,READY,10,0,READY,0,CLEAR
2026-10-01T13:15,S003,O024,2026-10-01T14:30,PREPARING,READY,50,4,NONE,0,CLEAR
2026-10-01T13:15,S007,O025,2026-10-01T14:45,NOT_READY,NOT_READY,0,19,READY,0,CLEAR
2026-10-01T13:15,S002,O026,2026-10-01T14:30,PREPARING,READY,10,2,READY,0,CLEAR
2026-10-01T13:15,S006,O029,2026-10-01T15:00,PREPARING,READY,0,12,READY,0,CLEAR
2026-10-01T13:20,S002,O004,2026-10-01T13:30,PREPARING,READY,60,18,READY,0,CLEAR
2026-10-01T13:20,S010,O011,2026-10-01T15:00,PREPARING,READY,0,20,READY,0,CLEAR
2026-10-01T13:20,S008,O019,2026-10-01T13:15,DELAYED,READY,80,10,READY,5,CLEAR
2026-10-01T13:20,S004,O021,2026-10-01T13:30,PREPARING,READY,70,5,NONE,0,CLEAR
2026-10-01T13:20,S006,O022,2026-10-01T15:00,PREPARING,READY,10,5,READY,0,CLEAR
2026-10-01T13:20,S003,O024,2026-10-01T14:30,PREPARING,READY,50,9,NONE,0,CLEAR
2026-10-01T13:20,S007,O025,2026-10-01T14:45,NOT_READY,NOT_READY,0,1,READY,0,CLEAR
2026-10-01T13:20,S002,O026,2026-10-01T14:30,PREPARING,READY,10,7,READY,0,CLEAR
2026-10-01T13:20,S006,O029,2026-10-01T15:00,PREPARING,READY,0,17,READY,0,CLEAR
2026-10-01T13:25,S002,O004,2026-10-01T13:30,PREPARING,READY,60,23,READY,0,CLEAR
2026-10-01T13:25,S010,O011,2026-10-01T15:00,PREPARING,READY,0,25,READY,0,CLEAR
2026-10-01T13:25,S008,O019,2026-10-01T13:15,DELAYED,READY,80,15,READY,10,CLEAR
2026-10-01T13:25,S004,O021,2026-10-01T13:30,PREPARING,READY,70,10,NONE,0,CLEAR
2026-10-01T13:25,S006,O022,2026-10-01T15:00,PREPARING,READY,10,10,READY,0,CLEAR
2026-10-01T13:25,S003,O024,2026-10-01T14:30,PREPARING,READY,50,14,NONE,0,CLEAR
2026-10-01T13:25,S007,O025,2026-10-01T14:45,NOT_READY,NOT_READY,0,6,READY,0,CLEAR
2026-10-01T13:25,S002,O026,2026-10-01T14:30,PREPARING,READY,10,12,READY,0,CLEAR
2026-10-01T13:25,S006,O029,2026-10-01T15:00,PREPARING,READY,20,1,READY,0,CLEAR
2026-10-01T13:30,S010,O011,2026-10-01T15:00,PREPARING,READY,10,3,READY,0,CLEAR
2026-10-01T13:30,S008,O019,2026-10-01T13:15,DELAYED,READY,80,20,READY,15,CLEAR
2026-10-01T13:30,S004,O021,2026-10-01T13:30,PREPARING,READY,70,15,NONE,0,CLEAR
2026-10-01T13:30,S006,O022,2026-10-01T15:00,PREPARING,READY,0,0,READY,0,CLEAR
2026-10-01T13:30,S003,O024,2026-10-01T14:30,PREPARING,READY,50,4,NONE,0,CLEAR
2026-10-01T13:30,S007,O025,2026-10-01T14:45,NOT_READY,NOT_READY,0,11,READY,0,CLEAR
2026-10-01T13:30,S002,O026,2026-10-01T14:30,PREPARING,READY,10,17,READY,0,CLEAR
2026-10-01T13:30,S006,O029,2026-10-01T15:00,PREPARING,READY,20,6,READY,0,CLEAR
2026-10-01T13:35,S010,O011,2026-10-01T15:00,PREPARING,READY,10,8,READY,0,CLEAR
2026-10-01T13:35,S008,O019,2026-10-01T13:15,DELAYED,READY,90,0,READY,20,CLEAR
2026-10-01T13:35,S006,O022,2026-10-01T15:00,PREPARING,READY,0,5,READY,0,CLEAR
2026-10-01T13:35,S003,O024,2026-10-01T14:30,PREPARING,READY,50,9,NONE,0,CLEAR
2026-10-01T13:35,S007,O025,2026-10-01T14:45,PREPARING,READY,0,0,READY,0,CLEAR
2026-10-01T13:35,S002,O026,2026-10-01T14:30,PREPARING,READY,10,22,READY,0,CLEAR
2026-10-01T13:35,S006,O029,2026-10-01T15:00,PREPARING,READY,20,11,READY,0,CLEAR
2026-10-01T13:40,S010,O011,2026-10-01T15:00,PREPARING,READY,10,13,READY,0,CLEAR
2026-10-01T13:40,S008,O019,2026-10-01T13:15,DELAYED,READY,90,5,READY,25,CLEAR
2026-10-01T13:40,S006,O022,2026-10-01T15:00,PREPARING,READY,0,10,READY,0,CLEAR
2026-10-01T13:40,S003,O024,2026-10-01T14:30,PREPARING,READY,50,14,NONE,0,CLEAR
2026-10-01T13:40,S007,O025,2026-10-01T14:45,PREPARING,READY,0,5,READY,0,CLEAR
2026-10-01T13:40,S002,O026,2026-10-01T14:30,PREPARING,READY,50,4,READY,0,CLEAR
2026-10-01T13:40,S006,O029,2026-10-01T15:00,PREPARING,READY,20,16,READY,0,CLEAR
2026-10-01T13:45,S010,O011,2026-10-01T15:00,PREPARING,READY,10,18,READY,0,CLEAR
2026-10-01T13:45,S008,O019,2026-10-01T13:15,DELAYED,READY,90,10,READY,30,CLEAR
2026-10-01T13:45,S006,O022,2026-10-01T15:00,PREPARING,READY,30,0,READY,0,CLEAR
2026-10-01T13:45,S003,O024,2026-10-01T14:30,PREPARING,READY,50,19,NONE,0,CLEAR
2026-10-01T13:45,S007,O025,2026-10-01T14:45,PREPARING,READY,0,10,READY,0,CLEAR
2026-10-01T13:45,S002,O026,2026-10-01T14:30,PREPARING,READY,50,9,READY,0,CLEAR
2026-10-01T13:45,S006,O029,2026-10-01T15:00,PREPARING,READY,20,21,READY,0,CLEAR
2026-10-01T13:50,S010,O011,2026-10-01T15:00,PREPARING,READY,40,1,READY,0,CLEAR
2026-10-01T13:50,S006,O022,2026-10-01T15:00,PREPARING,READY,30,5,READY,0,CLEAR
2026-10-01T13:50,S003,O024,2026-10-01T14:30,PREPARING,READY,50,24,NONE,0,CLEAR
2026-10-01T13:50,S007,O025,2026-10-01T14:45,PREPARING,READY,0,15,READY,0,CLEAR
2026-10-01T13:50,S002,O026,2026-10-01T14:30,PREPARING,READY,50,14,READY,0,CLEAR
2026-10-01T13:50,S006,O029,2026-10-01T15:00,PREPARING,READY,20,26,READY,0,CLEAR
2026-10-01T13:55,S010,O011,2026-10-01T15:00,PREPARING,READY,40,6,READY,0,CLEAR
2026-10-01T13:55,S006,O022,2026-10-01T15:00,PREPARING,READY,30,10,READY,0,CLEAR
2026-10-01T13:55,S003,O024,2026-10-01T14:30,PREPARING,READY,70,4,NONE,0,CLEAR
2026-10-01T13:55,S007,O025,2026-10-01T14:45,PREPARING,READY,0,20,READY,0,CLEAR
2026-10-01T13:55,S002,O026,2026-10-01T14:30,PREPARING,READY,50,19,READY,0,CLEAR
2026-10-01T13:55,S006,O029,2026-10-01T15:00,PREPARING,READY,40,1,READY,0,CLEAR
2026-10-01T14:00,S010,O011,2026-10-01T15:00,PREPARING,READY,40,11,READY,0,CLEAR
2026-10-01T14:00,S006,O022,2026-10-01T15:00,PREPARING,READY,40,0,READY,0,CLEAR
2026-10-01T14:00,S003,O024,2026-10-01T14:30,PREPARING,READY,70,9,NONE,0,CLEAR
2026-10-01T14:00,S007,O025,2026-10-01T14:45,PREPARING,READY,0,25,READY,0,CLEAR
2026-10-01T14:00,S002,O026,2026-10-01T14:30,PREPARING,READY,80,1,READY,0,CLEAR
2026-10-01T14:00,S006,O029,2026-10-01T15:00,PREPARING,READY,40,6,READY,0,CLEAR
2026-10-01T14:05,S010,O011,2026-10-01T15:00,PREPARING,READY,40,16,READY,0,CLEAR
2026-10-01T14:05,S006,O022,2026-10-01T15:00,PREPARING,READY,40,5,READY,0,CLEAR
2026-10-01T14:05,S003,O024,2026-10-01T14:30,PREPARING,READY,70,14,NONE,0,CLEAR
2026-10-01T14:05,S007,O025,2026-10-01T14:45,PREPARING,READY,40,4,READY,0,CLEAR
2026-10-01T14:05,S002,O026,2026-10-01T14:30,PREPARING,READY,80,6,READY,0,CLEAR
2026-10-01T14:05,S006,O029,2026-10-01T15:00,PREPARING,READY,40,11,READY,0,CLEAR
2026-10-01T14:10,S010,O011,2026-10-01T15:00,PREPARING,READY,40,21,READY,0,CLEAR
2026-10-01T14:10,S006,O022,2026-10-01T15:00,PREPARING,READY,40,10,READY,0,CLEAR
2026-10-01T14:10,S003,O024,2026-10-01T14:30,PREPARING,READY,70,19,NONE,0,CLEAR
2026-10-01T14:10,S007,O025,2026-10-01T14:45,PREPARING,READY,40,9,READY,0,CLEAR
2026-10-01T14:10,S002,O026,2026-10-01T14:30,PREPARING,READY,80,11,READY,0,CLEAR
2026-10-01T14:10,S006,O029,2026-10-01T15:00,PREPARING,READY,40,16,READY,0,CLEAR
2026-10-01T14:15,S010,O011,2026-10-01T15:00,PREPARING,READY,40,26,READY,0,CLEAR
2026-10-01T14:15,S006,O022,2026-10-01T15:00,PREPARING,READY,40,15,READY,0,CLEAR
2026-10-01T14:15,S003,O024,2026-10-01T14:30,PREPARING,READY,80,2,NONE,0,CLEAR
2026-10-01T14:15,S007,O025,2026-10-01T14:45,PREPARING,READY,40,14,READY,0,CLEAR
2026-10-01T14:15,S002,O026,2026-10-01T14:30,PREPARING,READY,80,16,READY,0,CLEAR
2026-10-01T14:15,S006,O029,2026-10-01T15:00,PREPARING,READY,40,21,READY,0,CLEAR
2026-10-01T14:20,S010,O011,2026-10-01T15:00,PREPARING,READY,50,1,READY,0,CLEAR
2026-10-01T14:20,S006,O022,2026-10-01T15:00,PREPARING,READY,70,3,READY,0,CLEAR
2026-10-01T14:20,S003,O024,2026-10-01T14:30,PREPARING,READY,80,7,NONE,0,CLEAR
2026-10-01T14:20,S007,O025,2026-10-01T14:45,PREPARING,READY,40,19,READY,0,CLEAR
2026-10-01T14:20,S002,O026,2026-10-01T14:30,PREPARING,READY,80,21,READY,0,CLEAR
2026-10-01T14:20,S006,O029,2026-10-01T15:00,PREPARING,READY,40,26,READY,0,CLEAR
2026-10-01T14:25,S010,O011,2026-10-01T15:00,PREPARING,READY,50,6,READY,0,CLEAR
2026-10-01T14:25,S006,O022,2026-10-01T15:00,PREPARING,READY,70,8,READY,0,CLEAR
2026-10-01T14:25,S007,O025,2026-10-01T14:45,PREPARING,READY,40,24,READY,0,CLEAR
2026-10-01T14:25,S002,O026,2026-10-01T14:30,PREPARING,READY,90,2,READY,0,CLEAR
2026-10-01T14:25,S006,O029,2026-10-01T15:00,PREPARING,READY,70,4,READY,0,CLEAR
2026-10-01T14:30,S010,O011,2026-10-01T15:00,PREPARING,READY,50,11,READY,0,CLEAR
2026-10-01T14:30,S006,O022,2026-10-01T15:00,PREPARING,READY,70,13,READY,0,CLEAR
2026-10-01T14:30,S007,O025,2026-10-01T14:45,PREPARING,READY,40,29,READY,0,CLEAR
2026-10-01T14:30,S006,O029,2026-10-01T15:00,PREPARING,READY,70,9,READY,0,CLEAR
2026-10-01T14:35,S010,O011,2026-10-01T15:00,PREPARING,READY,70,0,READY,0,CLEAR
2026-10-01T14:35,S006,O022,2026-10-01T15:00,PREPARING,READY,70,0,READY,0,CLEAR
2026-10-01T14:35,S007,O025,2026-10-01T14:45,PREPARING,READY,90,4,READY,0,CLEAR
2026-10-01T14:35,S006,O029,2026-10-01T15:00,PREPARING,READY,70,14,READY,0,CLEAR
2026-10-01T14:40,S010,O011,2026-10-01T15:00,PREPARING,READY,70,5,READY,0,CLEAR
2026-10-01T14:40,S006,O022,2026-10-01T15:00,PREPARING,READY,70,5,READY,0,CLEAR
2026-10-01T14:40,S007,O025,2026-10-01T14:45,PREPARING,READY,90,9,READY,0,CLEAR
2026-10-01T14:40,S006,O029,2026-10-01T15:00,PREPARING,READY,80,4,READY,0,CLEAR
2026-10-01T14:45,S010,O011,2026-10-01T15:00,PREPARING,READY,70,10,READY,0,CLEAR
2026-10-01T14:45,S006,O022,2026-10-01T15:00,PREPARING,READY,70,10,READY,0,CLEAR
2026-10-01T14:45,S007,O025,2026-10-01T14:45,PREPARING,READY,90,14,READY,0,CLEAR
2026-10-01T14:45,S006,O029,2026-10-01T15:00,PREPARING,READY,80,9,READY,0,CLEAR
2026-10-01T14:50,S010,O011,2026-10-01T15:00,PREPARING,READY,90,0,READY,0,CLEAR
2026-10-01T14:50,S006,O022,2026-10-01T15:00,PREPARING,READY,70,15,READY,0,CLEAR
2026-10-01T14:50,S006,O029,2026-10-01T15:00,PREPARING,READY,80,14,READY,0,CLEAR
2026-10-01T14:55,S010,O011,2026-10-01T15:00,PREPARING,READY,90,5,READY,0,CLEAR
2026-10-01T14:55,S006,O022,2026-10-01T15:00,PREPARING,READY,90,2,READY,0,CLEAR
2026-10-01T14:55,S006,O029,2026-10-01T15:00,PREPARING,READY,90,0,READY,0,CLEAR
2026-10-01T15:00,S010,O011,2026-10-01T15:00,PREPARING,READY,90,10,READY,0,CLEAR
2026-10-01T15:00,S006,O029,2026-10-01T15:00,PREPARING,READY,90,5,READY,0,CLEAR
