scenario,policy,seed,execution_problems,reproducible,log_sha256_12,trips,delivered_trips,unserved_trips,delivered_volume_m3,unserved_volume_m3,total_distance_km,total_travel_min,total_waiting_min,average_waiting_min,site_idle_min,pour_gap_max_min,pour_gaps_over_30,late_arrivals,on_time_rate,release_delay_min,fleet_utilization,trucks_used,trips_per_vehicle,fuel_liters,co2_kg,last_truck_free,solver_runtime_ms
S0_normal,A_static_planned,42,0,True,d0f3f634fbd9,63,63,0,292.5,0,2148.1,4100,551,8.7,236,40,1,6,0.905,290,0.641,15,4.2,757.0,,16:35,0.7
S0_normal,R_reactive_rule,42,0,True,9fd14bf252f5,63,63,0,292.5,0,2148.1,4137,371,5.9,384,35,2,7,0.889,185,0.645,15,4.2,742.7,,16:59,4.5
S1_light_traffic,A_static_planned,42,0,True,664a3962fc56,63,63,0,292.5,0,2148.1,3654,771,12.2,154,37,1,2,0.968,175,0.596,15,4.2,765.4,,16:27,0.8
S1_light_traffic,R_reactive_rule,42,0,True,7d5d671d2157,63,63,0,292.5,0,2148.1,3700,431,6.8,311,32,1,2,0.968,120,0.601,15,4.2,745.2,,16:40,4.7
S2_peak_traffic,A_static_planned,42,0,True,b4becced4b51,63,63,0,292.5,0,2148.1,4925,312,5.0,564,51,2,15,0.762,576,0.723,15,4.2,740.6,,17:10,0.7
S2_peak_traffic,R_reactive_rule,42,0,True,4581a6ec0ce2,63,63,0,292.5,0,2148.1,5012,232,3.7,628,59,2,21,0.667,535,0.732,15,4.2,737.7,,17:21,5.2
S3_site_delay,A_static_planned,42,0,True,fd7efbcb1bc3,63,63,0,292.5,0,2148.1,4120,677,10.7,334,40,2,8,0.873,419,0.643,15,4.2,759.0,,16:56,0.8
S3_site_delay,R_reactive_rule,42,0,True,add0419c89f6,63,63,0,292.5,0,2148.1,4155,358,5.7,424,31,2,13,0.794,269,0.646,15,4.2,741.5,,16:59,4.6
S4_multi_site_delay,A_static_planned,42,0,True,5e6c6353dd9c,63,63,0,292.5,0,2148.1,4089,784,12.4,287,40,1,8,0.873,406,0.64,15,4.2,764.7,,16:52,0.8
S4_multi_site_delay,R_reactive_rule,42,0,True,5626ca0bcf55,63,63,0,292.5,0,2148.1,4161,423,6.7,526,49,2,18,0.714,312,0.647,15,4.2,747.2,,16:59,4.7
S5_pump_failure,A_static_planned,42,0,True,0eb95a73688a,63,63,0,292.5,0,2148.1,4081,608,9.7,262,48,1,6,0.905,403,0.639,15,4.2,757.9,,16:35,0.8
S5_pump_failure,R_reactive_rule,42,0,True,370502c7abdc,63,63,0,292.5,0,2148.1,4108,273,4.3,415,36,2,6,0.905,252,0.642,15,4.2,737.5,,16:59,4.7
S6_high_demand,A_static_planned,42,0,True,cdad5f5b2bb5,94,94,0,474.0,0,3264.7,6410,215,2.3,3088,56,5,74,0.213,7567,0.98,15,6.27,1111.8,,19:42,1.3
S6_high_demand,R_reactive_rule,42,0,True,149372a1d0b0,94,94,0,474.0,0,3264.7,6387,97,1.0,3797,83,41,74,0.213,3782,0.978,15,6.27,1107.5,,19:39,7.1
S7_mixed_disruption,A_static_planned,42,0,True,e86b72e236fb,63,63,0,292.5,0,2148.1,4856,709,11.3,695,45,3,25,0.603,1506,0.717,15,4.2,760.4,,17:41,0.8
S7_mixed_disruption,R_reactive_rule,42,0,True,c63073134d27,63,63,0,292.5,0,2148.1,4872,472,7.5,848,65,5,29,0.54,1096,0.719,15,4.2,748.4,,17:42,5.2
S8_ai_prediction_error,A_static_planned,42,0,True,24db42fd5a63,63,63,0,292.5,0,2148.1,4113,499,7.9,323,32,1,5,0.921,381,0.642,15,4.2,751.8,,16:56,0.8
S8_ai_prediction_error,R_reactive_rule,42,0,True,5932792efbfe,63,63,0,292.5,0,2148.1,4126,197,3.1,431,26,0,7,0.889,209,0.644,15,4.2,735.0,,16:59,4.8
