instance,strategy,feasible,first_cost,gap_percent,seconds
X-n344-k43,PATH_CHEAPEST_ARC,False,,,30.07
X-n344-k43,SAVINGS,False,,,0.83
X-n344-k43,PARALLEL_CHEAPEST_INSERTION,False,,,0.6
X-n344-k43,LOCAL_CHEAPEST_INSERTION,False,,,0.54
X-n344-k43,CHRISTOFIDES,False,,,0.08
X-n344-k43,AUTOMATIC,False,,,30.05
X-n393-k38,PATH_CHEAPEST_ARC,False,,,30.06
X-n393-k38,SAVINGS,False,,,1.07
X-n393-k38,PARALLEL_CHEAPEST_INSERTION,False,,,0.86
X-n393-k38,LOCAL_CHEAPEST_INSERTION,False,,,0.75
X-n393-k38,CHRISTOFIDES,False,,,0.1
X-n393-k38,AUTOMATIC,False,,,30.06
X-n599-k92,PATH_CHEAPEST_ARC,False,,,30.15
X-n599-k92,SAVINGS,False,,,3.36
X-n599-k92,PARALLEL_CHEAPEST_INSERTION,False,,,2.62
X-n599-k92,LOCAL_CHEAPEST_INSERTION,False,,,2.46
X-n599-k92,CHRISTOFIDES,False,,,0.23
X-n599-k92,AUTOMATIC,False,,,30.16
X-n936-k151,PATH_CHEAPEST_ARC,False,,,30.41
X-n936-k151,SAVINGS,False,,,11.04
X-n936-k151,PARALLEL_CHEAPEST_INSERTION,False,,,11.18
X-n936-k151,LOCAL_CHEAPEST_INSERTION,False,,,10.79
X-n936-k151,CHRISTOFIDES,True,197347,48.464,0.64
X-n936-k151,AUTOMATIC,False,,,30.45
X-n214-k11,PATH_CHEAPEST_ARC,True,14288,31.614,0.03
X-n214-k11,SAVINGS,True,13788,27.008,0.07
X-n214-k11,PARALLEL_CHEAPEST_INSERTION,True,15393,41.793,0.08
X-n214-k11,LOCAL_CHEAPEST_INSERTION,False,,,0.16
X-n214-k11,CHRISTOFIDES,True,14744,35.814,0.03
X-n214-k11,AUTOMATIC,True,14288,31.614,0.03
X-n298-k31,PATH_CHEAPEST_ARC,True,48888,42.818,0.07
X-n298-k31,SAVINGS,True,38491,12.445,0.13
X-n298-k31,PARALLEL_CHEAPEST_INSERTION,True,44138,28.942,0.13
X-n298-k31,LOCAL_CHEAPEST_INSERTION,True,63165,84.526,0.09
X-n298-k31,CHRISTOFIDES,True,46129,34.758,0.06
X-n298-k31,AUTOMATIC,True,48888,42.818,0.07
