instance,customers,rule,iterations_used,gap_percent,seconds,feasible
E-n51-k5,50,iter_2000,2000,0.0,0.62,True
E-n51-k5,50,iter_5000,5000,0.0,1.53,True
E-n51-k5,50,iter_10000,10000,0.0,3.34,True
E-n51-k5,50,iter_20000,20000,0.0,6.77,True
E-n51-k5,50,noimp_2000_cap50k,2675,0.0,0.95,True
E-n51-k5,50,noimp_5000_cap50k,5675,0.0,1.98,True
X-n106-k14,105,iter_2000,2000,1.271,1.55,True
X-n106-k14,105,iter_5000,5000,0.857,3.51,True
X-n106-k14,105,iter_10000,10000,0.224,7.63,True
X-n106-k14,105,iter_20000,20000,0.099,12.76,True
X-n106-k14,105,noimp_2000_cap50k,7659,0.69,5.4,True
X-n106-k14,105,noimp_5000_cap50k,17143,0.102,11.42,True
X-n214-k11,213,iter_2000,2000,16.102,2.9,True
X-n214-k11,213,iter_5000,5000,10.906,6.17,True
X-n214-k11,213,iter_10000,10000,5.932,10.7,True
X-n214-k11,213,iter_20000,20000,3.067,19.39,True
X-n214-k11,213,noimp_2000_cap50k,14025,4.44,14.81,True
X-n214-k11,213,noimp_5000_cap50k,41865,1.446,34.41,True
X-n459-k26,458,iter_2000,2000,6.531,4.66,True
X-n459-k26,458,iter_5000,5000,4.601,9.3,True
X-n459-k26,458,iter_10000,10000,3.839,16.7,True
X-n459-k26,458,iter_20000,20000,2.133,32.57,True
X-n459-k26,458,noimp_2000_cap50k,4389,5.749,10.03,True
X-n459-k26,458,noimp_5000_cap50k,33532,1.354,45.5,True
X-n801-k40,800,iter_2000,2000,4.264,2.99,True
X-n801-k40,800,iter_5000,5000,3.202,5.12,True
X-n801-k40,800,iter_10000,10000,2.536,8.84,True
X-n801-k40,800,iter_20000,20000,1.728,17.15,True
X-n801-k40,800,noimp_2000_cap50k,8527,2.755,8.36,True
X-n801-k40,800,noimp_5000_cap50k,33777,1.297,25.98,True
