trip_id,order_id,site_id,seq,volume_m3,planned_arrival
O001-01,O001,S008,1,5.0,2026-10-01T10:30
O001-02,O001,S008,2,5.0,2026-10-01T10:51
O002-01,O002,S006,1,5.0,2026-10-01T11:45
O002-02,O002,S006,2,5.0,2026-10-01T12:14
O003-01,O003,S004,1,4.5,2026-10-01T10:15
O003-02,O003,S004,2,4.5,2026-10-01T10:42
O003-03,O003,S004,3,4.5,2026-10-01T11:09
O004-01,O004,S010,1,4.25,2026-10-01T14:45
O004-02,O004,S010,2,4.25,2026-10-01T15:04
O005-01,O005,S007,1,4.5,2026-10-01T12:45
O005-02,O005,S007,2,4.25,2026-10-01T13:14
O005-03,O005,S007,3,4.25,2026-10-01T13:43
O006-01,O006,S001,1,3.5,2026-10-01T14:30
O006-02,O006,S001,2,3.5,2026-10-01T14:50
O007-01,O007,S009,1,5.0,2026-10-01T09:00
O008-01,O008,S008,1,4.75,2026-10-01T13:00
O008-02,O008,S008,2,4.75,2026-10-01T13:17
O008-03,O008,S008,3,4.5,2026-10-01T13:34
O008-04,O008,S008,4,4.5,2026-10-01T13:51
O009-01,O009,S009,1,5.5,2026-10-01T07:30
O010-01,O010,S005,1,5.0,2026-10-01T09:00
O010-02,O010,S005,2,5.0,2026-10-01T09:17
O011-01,O011,S003,1,4.5,2026-10-01T12:30
O011-02,O011,S003,2,4.5,2026-10-01T12:55
O011-03,O011,S003,3,4.5,2026-10-01T13:20
O012-01,O012,S008,1,4.0,2026-10-01T14:15
O013-01,O013,S008,1,3.75,2026-10-01T08:30
O013-02,O013,S008,2,3.75,2026-10-01T08:49
O014-01,O014,S009,1,5.0,2026-10-01T07:45
O014-02,O014,S009,2,4.75,2026-10-01T08:08
O014-03,O014,S009,3,4.75,2026-10-01T08:31
O015-01,O015,S006,1,5.0,2026-10-01T12:15
O015-02,O015,S006,2,5.0,2026-10-01T12:38
O016-01,O016,S002,1,6.0,2026-10-01T11:45
O017-01,O017,S002,1,4.25,2026-10-01T07:15
O017-02,O017,S002,2,4.25,2026-10-01T07:44
O018-01,O018,S005,1,5.0,2026-10-01T12:30
O018-02,O018,S005,2,5.0,2026-10-01T12:59
O018-03,O018,S005,3,5.0,2026-10-01T13:28
O018-04,O018,S005,4,5.0,2026-10-01T13:57
O018-05,O018,S005,5,5.0,2026-10-01T14:26
O019-01,O019,S005,1,5.25,2026-10-01T07:15
O019-02,O019,S005,2,5.25,2026-10-01T07:35
O019-03,O019,S005,3,5.25,2026-10-01T07:55
O019-04,O019,S005,4,5.25,2026-10-01T08:15
O020-01,O020,S006,1,4.5,2026-10-01T10:30
O021-01,O021,S005,1,5.5,2026-10-01T08:45
O021-02,O021,S005,2,5.5,2026-10-01T09:14
O021-03,O021,S005,3,5.5,2026-10-01T09:43
O022-01,O022,S005,1,4.0,2026-10-01T14:30
O022-02,O022,S005,2,4.0,2026-10-01T14:50
O023-01,O023,S009,1,4.0,2026-10-01T08:45
O024-01,O024,S001,1,6.0,2026-10-01T13:45
O024-02,O024,S001,2,6.0,2026-10-01T14:13
O024-03,O024,S001,3,5.75,2026-10-01T14:41
O024-04,O024,S001,4,5.75,2026-10-01T15:09
O024-05,O024,S001,5,5.75,2026-10-01T15:37
O024-06,O024,S001,6,5.75,2026-10-01T16:05
O025-01,O025,S001,1,4.0,2026-10-01T13:15
O025-02,O025,S001,2,4.0,2026-10-01T13:35
O026-01,O026,S008,1,4.5,2026-10-01T09:30
O026-02,O026,S008,2,4.25,2026-10-01T09:46
O026-03,O026,S008,3,4.25,2026-10-01T10:02
O027-01,O027,S002,1,5.5,2026-10-01T13:15
O027-02,O027,S002,2,5.5,2026-10-01T13:39
O027-03,O027,S002,3,5.5,2026-10-01T14:03
O028-01,O028,S005,1,4.0,2026-10-01T09:15
O029-01,O029,S008,1,5.0,2026-10-01T12:00
O029-02,O029,S008,2,4.75,2026-10-01T12:25
O029-03,O029,S008,3,4.75,2026-10-01T12:50
O030-01,O030,S005,1,5.75,2026-10-01T14:45
O030-02,O030,S005,2,5.75,2026-10-01T15:02
