site_id,latitude,longitude,planned_ready_time,site_priority,pump_available,crew_size,historical_delay_mean,historical_delay_std
S001,13.901109,100.529296,2026-10-01T10:00,5,false,6,18.4,21.7
S002,13.726411,100.607339,2026-10-01T07:45,3,true,10,5.3,12.3
S003,13.812343,100.389144,2026-10-01T08:15,1,false,10,7.3,13.3
S004,13.815066,100.636244,2026-10-01T11:30,2,false,11,0.1,6.2
S005,13.726203,100.636168,2026-10-01T08:15,5,false,10,5.6,13.4
S006,13.688841,100.451492,2026-10-01T07:45,3,true,8,0.3,6.9
S007,13.684605,100.422723,2026-10-01T08:30,2,true,9,-1.3,5.5
S008,13.876841,100.442483,2026-10-01T09:15,2,true,7,4.0,10.6
S009,13.711404,100.532778,2026-10-01T07:30,4,false,7,0.4,7.3
S010,13.598041,100.52152,2026-10-01T09:30,4,true,8,25.3,23.0
