component_id,job_id,site,family,length_m,width_m,thickness_m,density_kg_m3_assumed,weight_kg,installation_rank,production_ready_min,mass_source,thickness_source
S1-B1-C1,S1-B1,S1,wall_100,2.8,2.4,0.1,2400,1613,1,420,assumed geometry x assumed density,CPAC leaflet p2
S1-B1-C2,S1-B1,S1,floor_120,3.0,1.2,0.12,2400,1037,2,420,assumed geometry x assumed density,CPAC leaflet p2
S1-B1-C3,S1-B1,S1,wall_100,2.8,2.4,0.1,2400,1613,3,420,assumed geometry x assumed density,CPAC leaflet p2
S1-B2-C1,S1-B2,S1,floor_120,3.0,1.2,0.12,2400,1037,4,420,assumed geometry x assumed density,CPAC leaflet p2
S1-B2-C2,S1-B2,S1,wall_100,2.8,2.4,0.1,2400,1613,5,420,assumed geometry x assumed density,CPAC leaflet p2
S1-B2-C3,S1-B2,S1,wall_100,2.8,2.4,0.1,2400,1613,6,420,assumed geometry x assumed density,CPAC leaflet p2
S1-B3-C1,S1-B3,S1,wall_100,2.8,2.4,0.1,2400,1613,7,420,assumed geometry x assumed density,CPAC leaflet p2
S1-B3-C2,S1-B3,S1,wall_100,2.8,2.4,0.1,2400,1613,8,420,assumed geometry x assumed density,CPAC leaflet p2
S1-B3-C3,S1-B3,S1,floor_120,3.0,1.2,0.12,2400,1037,9,420,assumed geometry x assumed density,CPAC leaflet p2
S2-B1-C1,S2-B1,S2,wall_100,2.8,2.4,0.1,2400,1613,1,420,assumed geometry x assumed density,CPAC leaflet p2
S2-B1-C2,S2-B1,S2,floor_120,3.0,1.2,0.12,2400,1037,2,420,assumed geometry x assumed density,CPAC leaflet p2
S2-B1-C3,S2-B1,S2,wall_100,2.8,2.4,0.1,2400,1613,3,420,assumed geometry x assumed density,CPAC leaflet p2
S2-B2-C1,S2-B2,S2,floor_120,3.0,1.2,0.12,2400,1037,4,420,assumed geometry x assumed density,CPAC leaflet p2
S2-B2-C2,S2-B2,S2,wall_100,2.8,2.4,0.1,2400,1613,5,420,assumed geometry x assumed density,CPAC leaflet p2
S2-B2-C3,S2-B2,S2,wall_100,2.8,2.4,0.1,2400,1613,6,420,assumed geometry x assumed density,CPAC leaflet p2
S2-B3-C1,S2-B3,S2,wall_100,2.8,2.4,0.1,2400,1613,7,420,assumed geometry x assumed density,CPAC leaflet p2
S2-B3-C2,S2-B3,S2,wall_100,2.8,2.4,0.1,2400,1613,8,420,assumed geometry x assumed density,CPAC leaflet p2
S2-B3-C3,S2-B3,S2,floor_120,3.0,1.2,0.12,2400,1037,9,420,assumed geometry x assumed density,CPAC leaflet p2
S3-B1-C1,S3-B1,S3,wall_100,2.8,2.4,0.1,2400,1613,1,420,assumed geometry x assumed density,CPAC leaflet p2
S3-B1-C2,S3-B1,S3,floor_120,3.0,1.2,0.12,2400,1037,2,420,assumed geometry x assumed density,CPAC leaflet p2
S3-B1-C3,S3-B1,S3,wall_100,2.8,2.4,0.1,2400,1613,3,420,assumed geometry x assumed density,CPAC leaflet p2
S3-B2-C1,S3-B2,S3,floor_120,3.0,1.2,0.12,2400,1037,4,420,assumed geometry x assumed density,CPAC leaflet p2
S3-B2-C2,S3-B2,S3,wall_100,2.8,2.4,0.1,2400,1613,5,420,assumed geometry x assumed density,CPAC leaflet p2
S3-B2-C3,S3-B2,S3,wall_100,2.8,2.4,0.1,2400,1613,6,420,assumed geometry x assumed density,CPAC leaflet p2
S3-B3-C1,S3-B3,S3,wall_100,2.8,2.4,0.1,2400,1613,7,420,assumed geometry x assumed density,CPAC leaflet p2
S3-B3-C2,S3-B3,S3,wall_100,2.8,2.4,0.1,2400,1613,8,420,assumed geometry x assumed density,CPAC leaflet p2
S3-B3-C3,S3-B3,S3,floor_120,3.0,1.2,0.12,2400,1037,9,420,assumed geometry x assumed density,CPAC leaflet p2
S4-B1-C1,S4-B1,S4,wall_100,2.8,2.4,0.1,2400,1613,1,420,assumed geometry x assumed density,CPAC leaflet p2
S4-B1-C2,S4-B1,S4,floor_120,3.0,1.2,0.12,2400,1037,2,420,assumed geometry x assumed density,CPAC leaflet p2
S4-B1-C3,S4-B1,S4,wall_100,2.8,2.4,0.1,2400,1613,3,420,assumed geometry x assumed density,CPAC leaflet p2
S4-B2-C1,S4-B2,S4,floor_120,3.0,1.2,0.12,2400,1037,4,420,assumed geometry x assumed density,CPAC leaflet p2
S4-B2-C2,S4-B2,S4,wall_100,2.8,2.4,0.1,2400,1613,5,420,assumed geometry x assumed density,CPAC leaflet p2
S4-B2-C3,S4-B2,S4,wall_100,2.8,2.4,0.1,2400,1613,6,420,assumed geometry x assumed density,CPAC leaflet p2
S4-B3-C1,S4-B3,S4,wall_100,2.8,2.4,0.1,2400,1613,7,420,assumed geometry x assumed density,CPAC leaflet p2
S4-B3-C2,S4-B3,S4,wall_100,2.8,2.4,0.1,2400,1613,8,420,assumed geometry x assumed density,CPAC leaflet p2
S4-B3-C3,S4-B3,S4,floor_120,3.0,1.2,0.12,2400,1037,9,420,assumed geometry x assumed density,CPAC leaflet p2
