policy,case,fuel_thb,driver_wait_thb,crew_idle_thb,cost_proxy_thb,driver_wait_h,crew_idle_person_h,unserved_trips,cost_proxy_thb_per_year,driver_wait_h_per_year
A_static_planned,high,33164.89,1235.37,6802.2,41202.47,7.18,136.04,0.47,12360740.85,2154.72
A_static_planned,low,26372.08,359.12,6802.2,33533.41,7.18,136.04,0.47,10060022.0,2154.72
A_static_planned,value,31278.89,1235.37,6802.2,39316.47,7.18,136.04,0.47,11794939.81,2154.72
B_dynamic,high,32684.93,731.76,8319.04,41735.74,4.25,166.38,0.78,12520720.82,1276.33
B_dynamic,low,25990.43,212.72,8319.04,34522.19,4.25,166.38,0.78,10356656.75,1276.33
B_dynamic,value,30826.23,731.76,8319.04,39877.03,4.25,166.38,0.78,11963107.96,1276.33
B_dynamic_buffered,high,32873.84,964.47,7236.86,41075.17,5.61,144.74,0.71,12322552.41,1682.22
B_dynamic_buffered,low,26140.64,280.37,7236.86,33657.87,5.61,144.74,0.71,10097362.49,1682.22
B_dynamic_buffered,value,31004.39,964.47,7236.86,39205.72,5.61,144.74,0.71,11761716.79,1682.22
C_ai_rolling,high,32372.04,297.91,8388.91,41058.86,1.73,167.78,0.78,12317658.26,519.61
C_ai_rolling,low,25741.62,86.6,8388.91,34217.13,1.73,167.78,0.78,10265140.16,519.61
C_ai_rolling,value,30531.13,297.91,8388.91,39217.94,1.73,167.78,0.78,11765383.4,519.61
C_ai_rolling_buffered,high,32792.43,808.34,6550.96,40151.73,4.7,131.02,0.63,12045518.85,1409.89
C_ai_rolling_buffered,low,26075.91,234.98,6550.96,32861.85,4.7,131.02,0.63,9858555.85,1409.89
C_ai_rolling_buffered,value,30927.61,808.34,6550.96,38286.91,4.7,131.02,0.63,11486072.09,1409.89
