from_node,to_node,timestamp,road_km,base_travel_min,traffic_multiplier,predicted_travel_min
P001,S001,2026-10-01T05:00,21.172,31.76,1.048,33.28
P001,S001,2026-10-01T06:00,21.172,31.76,1.474,46.81
P001,S001,2026-10-01T07:00,21.172,31.76,1.766,56.08
P001,S001,2026-10-01T08:00,21.172,31.76,1.781,56.56
P001,S001,2026-10-01T09:00,21.172,31.76,1.815,57.64
P001,S001,2026-10-01T10:00,21.172,31.76,1.347,42.78
P001,S001,2026-10-01T11:00,21.172,31.76,1.253,39.79
P001,S001,2026-10-01T12:00,21.172,31.76,1.27,40.33
P001,S001,2026-10-01T13:00,21.172,31.76,1.255,39.86
P001,S001,2026-10-01T14:00,21.172,31.76,1.958,62.18
P001,S001,2026-10-01T15:00,21.172,31.76,1.299,41.25
P001,S001,2026-10-01T16:00,21.172,31.76,1.808,57.42
P001,S001,2026-10-01T17:00,21.172,31.76,2.055,65.26
P001,S001,2026-10-01T18:00,21.172,31.76,1.558,49.48
P001,S001,2026-10-01T19:00,21.172,31.76,1.28,40.65
S001,P001,2026-10-01T05:00,21.172,31.76,1.04,33.03
S001,P001,2026-10-01T06:00,21.172,31.76,1.552,49.29
S001,P001,2026-10-01T07:00,21.172,31.76,1.655,52.56
S001,P001,2026-10-01T08:00,21.172,31.76,1.921,61.01
S001,P001,2026-10-01T09:00,21.172,31.76,1.729,54.91
S001,P001,2026-10-01T10:00,21.172,31.76,1.332,42.3
S001,P001,2026-10-01T11:00,21.172,31.76,1.448,45.98
S001,P001,2026-10-01T12:00,21.172,31.76,1.54,48.91
S001,P001,2026-10-01T13:00,21.172,31.76,1.382,43.89
S001,P001,2026-10-01T14:00,21.172,31.76,1.611,51.16
S001,P001,2026-10-01T15:00,21.172,31.76,1.337,42.46
S001,P001,2026-10-01T16:00,21.172,31.76,1.932,61.36
S001,P001,2026-10-01T17:00,21.172,31.76,1.911,60.69
S001,P001,2026-10-01T18:00,21.172,31.76,1.793,56.94
S001,P001,2026-10-01T19:00,21.172,31.76,1.562,49.6
P001,S002,2026-10-01T05:00,15.445,23.17,1.052,24.37
P001,S002,2026-10-01T06:00,15.445,23.17,1.241,28.75
P001,S002,2026-10-01T07:00,15.445,23.17,2.205,51.08
P001,S002,2026-10-01T08:00,15.445,23.17,1.655,38.34
P001,S002,2026-10-01T09:00,15.445,23.17,1.587,36.77
P001,S002,2026-10-01T10:00,15.445,23.17,1.336,30.95
P001,S002,2026-10-01T11:00,15.445,23.17,1.41,32.67
P001,S002,2026-10-01T12:00,15.445,23.17,1.437,33.29
P001,S002,2026-10-01T13:00,15.445,23.17,1.533,35.52
P001,S002,2026-10-01T14:00,15.445,23.17,1.348,31.23
P001,S002,2026-10-01T15:00,15.445,23.17,1.326,30.72
P001,S002,2026-10-01T16:00,15.445,23.17,1.863,43.16
P001,S002,2026-10-01T17:00,15.445,23.17,2.093,48.49
P001,S002,2026-10-01T18:00,15.445,23.17,1.659,38.43
P001,S002,2026-10-01T19:00,15.445,23.17,1.37,31.74
S002,P001,2026-10-01T05:00,15.445,23.17,1.125,26.06
S002,P001,2026-10-01T06:00,15.445,23.17,1.465,33.94
S002,P001,2026-10-01T07:00,15.445,23.17,2.167,50.2
S002,P001,2026-10-01T08:00,15.445,23.17,1.88,43.55
S002,P001,2026-10-01T09:00,15.445,23.17,1.629,37.74
S002,P001,2026-10-01T10:00,15.445,23.17,1.42,32.9
S002,P001,2026-10-01T11:00,15.445,23.17,1.291,29.91
S002,P001,2026-10-01T12:00,15.445,23.17,1.189,27.55
S002,P001,2026-10-01T13:00,15.445,23.17,1.287,29.82
S002,P001,2026-10-01T14:00,15.445,23.17,1.333,30.88
S002,P001,2026-10-01T15:00,15.445,23.17,1.706,39.52
S002,P001,2026-10-01T16:00,15.445,23.17,1.629,37.74
S002,P001,2026-10-01T17:00,15.445,23.17,2.106,48.79
S002,P001,2026-10-01T18:00,15.445,23.17,1.791,41.49
S002,P001,2026-10-01T19:00,15.445,23.17,1.323,30.65
P001,S003,2026-10-01T05:00,17.767,26.65,0.977,26.04
P001,S003,2026-10-01T06:00,17.767,26.65,1.55,41.31
P001,S003,2026-10-01T07:00,17.767,26.65,1.798,47.92
P001,S003,2026-10-01T08:00,17.767,26.65,1.909,50.88
P001,S003,2026-10-01T09:00,17.767,26.65,1.613,42.99
P001,S003,2026-10-01T10:00,17.767,26.65,1.289,34.35
P001,S003,2026-10-01T11:00,17.767,26.65,1.249,33.29
P001,S003,2026-10-01T12:00,17.767,26.65,1.405,37.44
P001,S003,2026-10-01T13:00,17.767,26.65,1.481,39.47
P001,S003,2026-10-01T14:00,17.767,26.65,1.299,34.62
P001,S003,2026-10-01T15:00,17.767,26.65,1.554,41.41
P001,S003,2026-10-01T16:00,17.767,26.65,2.06,54.9
P001,S003,2026-10-01T17:00,17.767,26.65,1.77,47.17
P001,S003,2026-10-01T18:00,17.767,26.65,1.976,52.66
P001,S003,2026-10-01T19:00,17.767,26.65,1.354,36.08
S003,P001,2026-10-01T05:00,17.767,26.65,0.958,25.53
S003,P001,2026-10-01T06:00,17.767,26.65,1.369,36.48
S003,P001,2026-10-01T07:00,17.767,26.65,1.905,50.77
S003,P001,2026-10-01T08:00,17.767,26.65,1.918,51.12
S003,P001,2026-10-01T09:00,17.767,26.65,1.364,36.35
S003,P001,2026-10-01T10:00,17.767,26.65,1.244,33.15
S003,P001,2026-10-01T11:00,17.767,26.65,1.516,40.4
S003,P001,2026-10-01T12:00,17.767,26.65,1.407,37.5
S003,P001,2026-10-01T13:00,17.767,26.65,1.287,34.3
S003,P001,2026-10-01T14:00,17.767,26.65,1.308,34.86
S003,P001,2026-10-01T15:00,17.767,26.65,1.452,38.7
S003,P001,2026-10-01T16:00,17.767,26.65,1.828,48.72
S003,P001,2026-10-01T17:00,17.767,26.65,2.31,61.56
S003,P001,2026-10-01T18:00,17.767,26.65,1.923,51.25
S003,P001,2026-10-01T19:00,17.767,26.65,1.383,36.86
P001,S004,2026-10-01T05:00,20.7,31.05,0.948,29.44
P001,S004,2026-10-01T06:00,20.7,31.05,1.508,46.82
P001,S004,2026-10-01T07:00,20.7,31.05,1.889,58.65
P001,S004,2026-10-01T08:00,20.7,31.05,1.882,58.44
P001,S004,2026-10-01T09:00,20.7,31.05,1.41,43.78
P001,S004,2026-10-01T10:00,20.7,31.05,1.363,42.32
P001,S004,2026-10-01T11:00,20.7,31.05,1.244,38.63
P001,S004,2026-10-01T12:00,20.7,31.05,1.44,44.71
P001,S004,2026-10-01T13:00,20.7,31.05,1.194,37.07
P001,S004,2026-10-01T14:00,20.7,31.05,1.636,50.8
P001,S004,2026-10-01T15:00,20.7,31.05,1.581,49.09
P001,S004,2026-10-01T16:00,20.7,31.05,2.021,62.75
P001,S004,2026-10-01T17:00,20.7,31.05,2.096,65.08
P001,S004,2026-10-01T18:00,20.7,31.05,1.631,50.64
P001,S004,2026-10-01T19:00,20.7,31.05,1.62,50.3
S004,P001,2026-10-01T05:00,20.7,31.05,1.042,32.35
S004,P001,2026-10-01T06:00,20.7,31.05,1.493,46.36
S004,P001,2026-10-01T07:00,20.7,31.05,1.791,55.61
S004,P001,2026-10-01T08:00,20.7,31.05,1.836,57.01
S004,P001,2026-10-01T09:00,20.7,31.05,1.32,40.99
S004,P001,2026-10-01T10:00,20.7,31.05,1.279,39.71
S004,P001,2026-10-01T11:00,20.7,31.05,1.496,46.45
S004,P001,2026-10-01T12:00,20.7,31.05,1.431,44.43
S004,P001,2026-10-01T13:00,20.7,31.05,1.413,43.87
S004,P001,2026-10-01T14:00,20.7,31.05,1.641,50.95
S004,P001,2026-10-01T15:00,20.7,31.05,1.487,46.17
S004,P001,2026-10-01T16:00,20.7,31.05,2.123,65.92
S004,P001,2026-10-01T17:00,20.7,31.05,1.961,60.89
S004,P001,2026-10-01T18:00,20.7,31.05,1.768,54.9
S004,P001,2026-10-01T19:00,20.7,31.05,1.136,35.27
P001,S005,2026-10-01T05:00,19.377,29.06,1.093,31.77
P001,S005,2026-10-01T06:00,19.377,29.06,1.348,39.18
P001,S005,2026-10-01T07:00,19.377,29.06,1.935,56.24
P001,S005,2026-10-01T08:00,19.377,29.06,1.843,53.57
P001,S005,2026-10-01T09:00,19.377,29.06,1.535,44.61
P001,S005,2026-10-01T10:00,19.377,29.06,1.191,34.62
P001,S005,2026-10-01T11:00,19.377,29.06,1.342,39.01
P001,S005,2026-10-01T12:00,19.377,29.06,1.267,36.83
P001,S005,2026-10-01T13:00,19.377,29.06,1.396,40.57
P001,S005,2026-10-01T14:00,19.377,29.06,1.412,41.04
P001,S005,2026-10-01T15:00,19.377,29.06,1.358,39.47
P001,S005,2026-10-01T16:00,19.377,29.06,1.956,56.85
P001,S005,2026-10-01T17:00,19.377,29.06,2.068,60.11
P001,S005,2026-10-01T18:00,19.377,29.06,1.749,50.83
P001,S005,2026-10-01T19:00,19.377,29.06,1.347,39.15
S005,P001,2026-10-01T05:00,19.377,29.06,1.009,29.33
S005,P001,2026-10-01T06:00,19.377,29.06,1.629,47.35
S005,P001,2026-10-01T07:00,19.377,29.06,1.971,57.29
S005,P001,2026-10-01T08:00,19.377,29.06,2.311,67.17
S005,P001,2026-10-01T09:00,19.377,29.06,1.472,42.78
S005,P001,2026-10-01T10:00,19.377,29.06,1.239,36.01
S005,P001,2026-10-01T11:00,19.377,29.06,1.245,36.19
S005,P001,2026-10-01T12:00,19.377,29.06,1.217,35.37
S005,P001,2026-10-01T13:00,19.377,29.06,1.32,38.37
S005,P001,2026-10-01T14:00,19.377,29.06,1.298,37.73
S005,P001,2026-10-01T15:00,19.377,29.06,1.225,35.6
S005,P001,2026-10-01T16:00,19.377,29.06,1.803,52.4
S005,P001,2026-10-01T17:00,19.377,29.06,2.163,62.87
S005,P001,2026-10-01T18:00,19.377,29.06,1.65,47.96
S005,P001,2026-10-01T19:00,19.377,29.06,1.407,40.89
P001,S006,2026-10-01T05:00,12.002,18.0,1.027,18.49
P001,S006,2026-10-01T06:00,12.002,18.0,1.491,26.84
P001,S006,2026-10-01T07:00,12.002,18.0,1.697,30.55
P001,S006,2026-10-01T08:00,12.002,18.0,1.998,35.97
P001,S006,2026-10-01T09:00,12.002,18.0,1.529,27.53
P001,S006,2026-10-01T10:00,12.002,18.0,1.2,21.6
P001,S006,2026-10-01T11:00,12.002,18.0,1.557,28.03
P001,S006,2026-10-01T12:00,12.002,18.0,1.279,23.03
P001,S006,2026-10-01T13:00,12.002,18.0,1.381,24.86
P001,S006,2026-10-01T14:00,12.002,18.0,1.773,31.92
P001,S006,2026-10-01T15:00,12.002,18.0,1.624,29.24
P001,S006,2026-10-01T16:00,12.002,18.0,1.944,35.0
P001,S006,2026-10-01T17:00,12.002,18.0,2.018,36.33
P001,S006,2026-10-01T18:00,12.002,18.0,1.944,35.0
P001,S006,2026-10-01T19:00,12.002,18.0,1.302,23.44
S006,P001,2026-10-01T05:00,12.002,18.0,1.131,20.36
S006,P001,2026-10-01T06:00,12.002,18.0,1.253,22.56
S006,P001,2026-10-01T07:00,12.002,18.0,1.82,32.76
S006,P001,2026-10-01T08:00,12.002,18.0,1.949,35.09
S006,P001,2026-10-01T09:00,12.002,18.0,1.552,27.94
S006,P001,2026-10-01T10:00,12.002,18.0,1.4,25.2
S006,P001,2026-10-01T11:00,12.002,18.0,1.489,26.81
S006,P001,2026-10-01T12:00,12.002,18.0,1.438,25.89
S006,P001,2026-10-01T13:00,12.002,18.0,1.337,24.07
S006,P001,2026-10-01T14:00,12.002,18.0,1.681,30.26
S006,P001,2026-10-01T15:00,12.002,18.0,1.457,26.23
S006,P001,2026-10-01T16:00,12.002,18.0,1.901,34.22
S006,P001,2026-10-01T17:00,12.002,18.0,2.008,36.15
S006,P001,2026-10-01T18:00,12.002,18.0,1.879,33.83
S006,P001,2026-10-01T19:00,12.002,18.0,1.328,23.91
P001,S007,2026-10-01T05:00,15.158,22.74,1.073,24.4
P001,S007,2026-10-01T06:00,15.158,22.74,1.369,31.13
P001,S007,2026-10-01T07:00,15.158,22.74,1.997,45.41
P001,S007,2026-10-01T08:00,15.158,22.74,1.975,44.91
P001,S007,2026-10-01T09:00,15.158,22.74,1.695,38.54
P001,S007,2026-10-01T10:00,15.158,22.74,1.231,27.99
P001,S007,2026-10-01T11:00,15.158,22.74,1.292,29.38
P001,S007,2026-10-01T12:00,15.158,22.74,1.564,35.56
P001,S007,2026-10-01T13:00,15.158,22.74,1.234,28.06
P001,S007,2026-10-01T14:00,15.158,22.74,1.351,30.72
P001,S007,2026-10-01T15:00,15.158,22.74,1.35,30.69
P001,S007,2026-10-01T16:00,15.158,22.74,2.103,47.82
P001,S007,2026-10-01T17:00,15.158,22.74,2.22,50.48
P001,S007,2026-10-01T18:00,15.158,22.74,1.574,35.79
P001,S007,2026-10-01T19:00,15.158,22.74,1.135,25.81
S007,P001,2026-10-01T05:00,15.158,22.74,0.887,20.17
S007,P001,2026-10-01T06:00,15.158,22.74,1.31,29.79
S007,P001,2026-10-01T07:00,15.158,22.74,1.901,43.22
S007,P001,2026-10-01T08:00,15.158,22.74,2.049,46.59
S007,P001,2026-10-01T09:00,15.158,22.74,1.31,29.79
S007,P001,2026-10-01T10:00,15.158,22.74,1.275,28.99
S007,P001,2026-10-01T11:00,15.158,22.74,1.267,28.81
S007,P001,2026-10-01T12:00,15.158,22.74,1.39,31.6
S007,P001,2026-10-01T13:00,15.158,22.74,1.325,30.13
S007,P001,2026-10-01T14:00,15.158,22.74,1.393,31.67
S007,P001,2026-10-01T15:00,15.158,22.74,1.386,31.51
S007,P001,2026-10-01T16:00,15.158,22.74,1.863,42.36
S007,P001,2026-10-01T17:00,15.158,22.74,2.044,46.47
S007,P001,2026-10-01T18:00,15.158,22.74,1.902,43.25
S007,P001,2026-10-01T19:00,15.158,22.74,1.573,35.77
P001,S008,2026-10-01T05:00,19.229,28.84,1.06,30.57
P001,S008,2026-10-01T06:00,19.229,28.84,1.347,38.85
P001,S008,2026-10-01T07:00,19.229,28.84,1.88,54.23
P001,S008,2026-10-01T08:00,19.229,28.84,1.86,53.65
P001,S008,2026-10-01T09:00,19.229,28.84,1.217,35.1
P001,S008,2026-10-01T10:00,19.229,28.84,1.184,34.15
P001,S008,2026-10-01T11:00,19.229,28.84,1.11,32.02
P001,S008,2026-10-01T12:00,19.229,28.84,1.111,32.05
P001,S008,2026-10-01T13:00,19.229,28.84,1.355,39.08
P001,S008,2026-10-01T14:00,19.229,28.84,1.564,45.11
P001,S008,2026-10-01T15:00,19.229,28.84,1.403,40.47
P001,S008,2026-10-01T16:00,19.229,28.84,1.912,55.15
P001,S008,2026-10-01T17:00,19.229,28.84,2.124,61.26
P001,S008,2026-10-01T18:00,19.229,28.84,2.051,59.16
P001,S008,2026-10-01T19:00,19.229,28.84,1.452,41.88
S008,P001,2026-10-01T05:00,19.229,28.84,0.957,27.6
S008,P001,2026-10-01T06:00,19.229,28.84,1.438,41.48
S008,P001,2026-10-01T07:00,19.229,28.84,1.907,55.0
S008,P001,2026-10-01T08:00,19.229,28.84,1.729,49.87
S008,P001,2026-10-01T09:00,19.229,28.84,1.568,45.23
S008,P001,2026-10-01T10:00,19.229,28.84,1.223,35.28
S008,P001,2026-10-01T11:00,19.229,28.84,1.375,39.66
S008,P001,2026-10-01T12:00,19.229,28.84,1.523,43.93
S008,P001,2026-10-01T13:00,19.229,28.84,1.333,38.45
S008,P001,2026-10-01T14:00,19.229,28.84,1.386,39.98
S008,P001,2026-10-01T15:00,19.229,28.84,1.526,44.02
S008,P001,2026-10-01T16:00,19.229,28.84,2.256,65.07
S008,P001,2026-10-01T17:00,19.229,28.84,2.009,57.95
S008,P001,2026-10-01T18:00,19.229,28.84,1.669,48.14
S008,P001,2026-10-01T19:00,19.229,28.84,1.302,37.55
P001,S009,2026-10-01T05:00,7.785,11.68,1.02,11.91
P001,S009,2026-10-01T06:00,7.785,11.68,1.308,15.27
P001,S009,2026-10-01T07:00,7.785,11.68,1.76,20.55
P001,S009,2026-10-01T08:00,7.785,11.68,2.129,24.86
P001,S009,2026-10-01T09:00,7.785,11.68,1.53,17.87
P001,S009,2026-10-01T10:00,7.785,11.68,1.512,17.66
P001,S009,2026-10-01T11:00,7.785,11.68,1.384,16.16
P001,S009,2026-10-01T12:00,7.785,11.68,1.377,16.08
P001,S009,2026-10-01T13:00,7.785,11.68,1.321,15.43
P001,S009,2026-10-01T14:00,7.785,11.68,1.093,12.76
P001,S009,2026-10-01T15:00,7.785,11.68,1.502,17.54
P001,S009,2026-10-01T16:00,7.785,11.68,1.752,20.46
P001,S009,2026-10-01T17:00,7.785,11.68,2.052,23.96
P001,S009,2026-10-01T18:00,7.785,11.68,1.582,18.47
P001,S009,2026-10-01T19:00,7.785,11.68,1.417,16.55
S009,P001,2026-10-01T05:00,7.785,11.68,1.188,13.87
S009,P001,2026-10-01T06:00,7.785,11.68,1.419,16.57
S009,P001,2026-10-01T07:00,7.785,11.68,2.042,23.85
S009,P001,2026-10-01T08:00,7.785,11.68,2.005,23.41
S009,P001,2026-10-01T09:00,7.785,11.68,1.624,18.96
S009,P001,2026-10-01T10:00,7.785,11.68,1.259,14.7
S009,P001,2026-10-01T11:00,7.785,11.68,1.404,16.4
S009,P001,2026-10-01T12:00,7.785,11.68,1.499,17.51
S009,P001,2026-10-01T13:00,7.785,11.68,1.355,15.82
S009,P001,2026-10-01T14:00,7.785,11.68,1.356,15.84
S009,P001,2026-10-01T15:00,7.785,11.68,1.571,18.35
S009,P001,2026-10-01T16:00,7.785,11.68,1.727,20.17
S009,P001,2026-10-01T17:00,7.785,11.68,2.285,26.68
S009,P001,2026-10-01T18:00,7.785,11.68,1.657,19.35
S009,P001,2026-10-01T19:00,7.785,11.68,1.157,13.51
P001,S010,2026-10-01T05:00,22.917,34.38,1.093,37.57
P001,S010,2026-10-01T06:00,22.917,34.38,1.585,54.49
P001,S010,2026-10-01T07:00,22.917,34.38,2.019,69.41
P001,S010,2026-10-01T08:00,22.917,34.38,1.996,68.61
P001,S010,2026-10-01T09:00,22.917,34.38,1.317,45.27
P001,S010,2026-10-01T10:00,22.917,34.38,1.357,46.65
P001,S010,2026-10-01T11:00,22.917,34.38,1.354,46.55
P001,S010,2026-10-01T12:00,22.917,34.38,1.571,54.0
P001,S010,2026-10-01T13:00,22.917,34.38,1.279,43.97
P001,S010,2026-10-01T14:00,22.917,34.38,1.279,43.97
P001,S010,2026-10-01T15:00,22.917,34.38,1.632,56.1
P001,S010,2026-10-01T16:00,22.917,34.38,1.853,63.7
P001,S010,2026-10-01T17:00,22.917,34.38,2.145,73.74
P001,S010,2026-10-01T18:00,22.917,34.38,1.843,63.36
P001,S010,2026-10-01T19:00,22.917,34.38,1.367,46.99
S010,P001,2026-10-01T05:00,22.917,34.38,1.008,34.65
S010,P001,2026-10-01T06:00,22.917,34.38,1.43,49.16
S010,P001,2026-10-01T07:00,22.917,34.38,2.02,69.44
S010,P001,2026-10-01T08:00,22.917,34.38,2.072,71.23
S010,P001,2026-10-01T09:00,22.917,34.38,1.384,47.58
S010,P001,2026-10-01T10:00,22.917,34.38,1.345,46.24
S010,P001,2026-10-01T11:00,22.917,34.38,1.272,43.73
S010,P001,2026-10-01T12:00,22.917,34.38,1.355,46.58
S010,P001,2026-10-01T13:00,22.917,34.38,1.179,40.53
S010,P001,2026-10-01T14:00,22.917,34.38,1.331,45.75
S010,P001,2026-10-01T15:00,22.917,34.38,1.333,45.82
S010,P001,2026-10-01T16:00,22.917,34.38,1.785,61.36
S010,P001,2026-10-01T17:00,22.917,34.38,2.419,83.16
S010,P001,2026-10-01T18:00,22.917,34.38,1.641,56.41
S010,P001,2026-10-01T19:00,22.917,34.38,1.425,48.99
