seed,scenario,policy,valid,predictor_failures,log_file,log_sha256,trips,delivered_trips,unserved_trips,delivered_volume_m3,unserved_volume_m3,total_distance_km,total_travel_min,total_waiting_min,average_waiting_min,site_idle_min,pour_gap_max_min,pour_gaps_over_30,late_arrivals,on_time_rate,release_delay_min,fleet_utilization,trucks_used,trips_per_vehicle,fuel_liters,co2_kg,last_truck_free,solver_runtime_ms,operational_score_min
9001,S0_normal,A_static_planned,True,0,logs/S0_normal_9001_A_static_planned.json,9a78dadc42e246f66787c13df749a80c2ae9e25048866ed744fa11bad6afe27e,73,73,0,359.0,0.0,2352.2,4486,353,4.8,739,37,5,23,0.685,841,0.695,15,4.87,813.3,,18:06,1.2,1092
9001,S0_normal,B_dynamic,True,0,logs/S0_normal_9001_B_dynamic.json,3a02dec71f75dd657715dbd8b4e8a80d30b8e43f51875627dc2004cdcf5a4a70,73,73,0,359.0,0.0,2352.2,4579,268,3.7,987,67,3,23,0.685,0,0.704,15,4.87,809.8,,18:33,17.3,1255
9001,S0_normal,C_ai_rolling,True,0,logs/S0_normal_9001_C_ai_rolling.json,7e643e5d5e14ec90b4db8d0aa278647c24b11c9bc9c5706bcb791654b3d90aaa,73,73,0,359.0,0.0,2352.2,4546,103,1.4,981,82,3,25,0.658,0,0.7,15,4.87,802.0,,18:33,2020.9,1084
9001,S1_light_traffic,A_static_planned,True,0,logs/S1_light_traffic_9001_A_static_planned.json,968a0bcb7eeccbff6285da302cb2cad21d17af8a94ecd12e06d68f88fdae83a8,73,73,0,359.0,0.0,2352.2,3991,455,6.2,607,36,3,17,0.767,713,0.645,15,4.87,814.9,,17:43,1.1,1062
9001,S1_light_traffic,B_dynamic,True,0,logs/S1_light_traffic_9001_B_dynamic.json,20a37ed43598f355251a22aa0ca1f1278a53d7bf9c42a38b14d3df76891fe83c,73,73,0,359.0,0.0,2352.2,4024,240,3.3,822,37,3,21,0.712,0,0.648,15,4.87,808.6,,18:19,30.7,1062
9001,S1_light_traffic,C_ai_rolling,True,0,logs/S1_light_traffic_9001_C_ai_rolling.json,8b5d7eb72d4defb148c3737e001adc7b91b2d256c4cb667e61b17f71dffabf7e,73,73,0,359.0,0.0,2352.2,4052,109,1.5,909,38,2,21,0.712,0,0.651,15,4.87,800.6,,18:14,1957.8,1018
9001,S2_peak_traffic,A_static_planned,True,0,logs/S2_peak_traffic_9001_A_static_planned.json,122643fd1c963a0d6707af642e666a8cc721e731e4b8cacec4b581c3ffff4052,73,73,0,359.0,0.0,2352.2,5622,184,2.5,1262,53,10,40,0.452,1340,0.808,15,4.87,802.6,,19:02,1.2,1446
9001,S2_peak_traffic,B_dynamic,True,0,logs/S2_peak_traffic_9001_B_dynamic.json,c018ba9436dc2bcce4807da68491d2ed93bfa2bd0f944774428c933b18f1f1bc,73,73,0,359.0,0.0,2352.2,5719,131,1.8,1306,99,11,34,0.534,0,0.818,15,4.87,802.3,,19:01,20.0,1437
9001,S2_peak_traffic,C_ai_rolling,True,0,logs/S2_peak_traffic_9001_C_ai_rolling.json,bd9cc328f3ffbbbfc583fbe4a5c624aa29491d63ee3666e3f96139f7815b4364,73,73,0,359.0,0.0,2352.2,5687,115,1.6,1317,131,10,34,0.534,0,0.814,15,4.87,801.0,,19:01,2045.7,1432
9001,S3_site_delay,A_static_planned,True,0,logs/S3_site_delay_9001_A_static_planned.json,7cd660f60e7a34f95aeae3541f0840c5e173cf74de772f25dba357d5004a2264,73,73,0,359.0,0.0,2352.2,4487,385,5.3,771,37,4,23,0.685,889,0.695,15,4.87,814.3,,18:06,1.1,1156
9001,S3_site_delay,B_dynamic,True,0,logs/S3_site_delay_9001_B_dynamic.json,62de06dc852e7695191d6d7fbfc980a4bc8e652ff2fe1b5517ea3a16548938d3,73,73,0,359.0,0.0,2352.2,4564,256,3.5,966,43,3,25,0.658,0,0.702,15,4.87,807.1,,18:33,18.4,1222
9001,S3_site_delay,C_ai_rolling,True,0,logs/S3_site_delay_9001_C_ai_rolling.json,416698a8a032ff10cdb8f86456f40616c951c0e10686baff3693b24cdd01febd,73,73,0,359.0,0.0,2352.2,4550,117,1.6,990,44,2,26,0.644,0,0.701,15,4.87,801.4,,18:33,2033.1,1107
9001,S4_multi_site_delay,A_static_planned,True,0,logs/S4_multi_site_delay_9001_A_static_planned.json,3ca1fd10927fb657afb1d4a9d4aed536a83cb6be13d8973c3c35846b2f4b5f7e,73,73,0,359.0,0.0,2352.2,4498,513,7.0,827,42,6,25,0.658,1115,0.696,15,4.87,822.7,,18:06,1.0,1340
9001,S4_multi_site_delay,B_dynamic,True,0,logs/S4_multi_site_delay_9001_B_dynamic.json,41b8eb7e02f5d0c859bd65b46af0a236a80b638f2d40d0cd0cb4b4b0b2b44813,73,73,0,359.0,0.0,2352.2,4549,265,3.6,1106,122,5,27,0.63,0,0.701,15,4.87,808.8,,18:33,19.0,1371
9001,S4_multi_site_delay,C_ai_rolling,True,0,logs/S4_multi_site_delay_9001_C_ai_rolling.json,2fb7c22ca1c1190a1aca37c17802e35e121090cbfbbc56a6fe4eadb29da60ef4,73,73,0,359.0,0.0,2352.2,4535,115,1.6,1135,50,6,29,0.603,0,0.699,15,4.87,802.6,,18:33,2038.3,1250
9001,S5_pump_failure,A_static_planned,True,0,logs/S5_pump_failure_9001_A_static_planned.json,7921e0da65ad021ed42541fa90a93db5dab558b96bb30c6e7eb301d7f6545e81,73,73,0,359.0,0.0,2352.2,4488,480,6.6,718,37,5,23,0.685,845,0.695,15,4.87,821.1,,18:06,1.0,1198
9001,S5_pump_failure,B_dynamic,True,0,logs/S5_pump_failure_9001_B_dynamic.json,2c94ac048fe26ea733dadffa9507c020b5d6576b843ecbadf4e913ba9cf02e8a,73,73,0,359.0,0.0,2352.2,4590,253,3.5,1017,67,4,24,0.671,0,0.705,15,4.87,808.7,,18:33,18.7,1270
9001,S5_pump_failure,C_ai_rolling,True,0,logs/S5_pump_failure_9001_C_ai_rolling.json,e59f1755e2a2b1873a1c7285e8eaab93302aaa42a524fcd5f99c654b4c41e217,73,73,0,359.0,0.0,2352.2,4556,103,1.4,966,82,3,24,0.671,0,0.701,15,4.87,801.1,,18:33,1911.2,1069
9001,S6_high_demand,A_static_planned,True,0,logs/S6_high_demand_9001_A_static_planned.json,6b59aa6fdd9b17ccefcbe1489041d0e0827553e489be3d62b6a4735944b367f2,117,104,13,523.25,70.75,3349.6,6726,205,2.0,3796,57,18,94,0.197,9253,1.027,15,6.93,1142.1,,19:48,1.7,17001
9001,S6_high_demand,B_dynamic,True,0,logs/S6_high_demand_9001_B_dynamic.json,514307475f15fe72ebc7445786ea8373d89bde158959b640e53103472a1b1f3c,117,98,19,499.0,95.0,3271.5,6543,161,1.6,4638,427,40,98,0.162,0,0.986,15,6.53,1116.8,,19:51,27.2,23799
9001,S6_high_demand,C_ai_rolling,True,0,logs/S6_high_demand_9001_C_ai_rolling.json,e26d27427e1930497ab6db95e2494efccd567df3bf399e097632e900f24efe54,117,98,19,497.5,96.5,3279.9,6588,34,0.3,4544,464,40,95,0.188,0,0.992,15,6.53,1110.8,,19:49,2248.4,23578
9001,S7_mixed_disruption,A_static_planned,True,0,logs/S7_mixed_disruption_9001_A_static_planned.json,7f82ecd15949fa80893519e0eb1b660874fbf06585c921b7b75ffefc57a76a6b,73,73,0,359.0,0.0,2352.2,5512,679,9.3,1218,60,10,34,0.534,2035,0.798,15,4.87,824.0,,19:04,1.1,1897
9001,S7_mixed_disruption,B_dynamic,True,0,logs/S7_mixed_disruption_9001_B_dynamic.json,6fda47690f43641a7a2cd9115b4316034cef11e0ec92961349970582bad2d79f,73,73,0,359.0,0.0,2352.2,5653,451,6.2,1502,139,13,37,0.493,0,0.812,15,4.87,811.3,,19:19,20.6,1953
9001,S7_mixed_disruption,C_ai_rolling,True,0,logs/S7_mixed_disruption_9001_C_ai_rolling.json,8d4bb0a97a6abc65599beb13c4d3717c9a3ac224039beed32b045ab40ff66d97,73,73,0,359.0,0.0,2352.2,5647,185,2.5,1509,57,10,38,0.479,0,0.812,15,4.87,794.8,,19:14,2260.9,1694
9001,S8_ai_prediction_error,A_static_planned,True,0,logs/S8_ai_prediction_error_9001_A_static_planned.json,f0795e87dbbdad27ec2424220cf0fc77f03178356a4346ee363c3c16a1c5847c,73,73,0,359.0,0.0,2352.2,4501,519,7.1,726,42,4,21,0.712,865,0.696,15,4.87,823.3,,18:06,1.0,1245
9001,S8_ai_prediction_error,B_dynamic,True,0,logs/S8_ai_prediction_error_9001_B_dynamic.json,3118944985e370402c1debaf18e7105c6bd8b2da72a2c5db1fe54b08cebed6f1,73,73,0,359.0,0.0,2352.2,4580,190,2.6,940,43,1,24,0.671,0,0.704,15,4.87,806.5,,18:33,17.7,1130
9001,S8_ai_prediction_error,C_ai_rolling,True,0,logs/S8_ai_prediction_error_9001_C_ai_rolling.json,5758b141e0bd23419c9e7839ac51145e60d776b5b0c3aae24f1bf417f32bf434,73,73,0,359.0,0.0,2352.2,4563,93,1.3,959,44,4,22,0.699,0,0.702,15,4.87,800.4,,18:33,1811.1,1052
9002,S0_normal,A_static_planned,True,0,logs/S0_normal_9002_A_static_planned.json,276487d51c3474e36455b3cbb26686a34f8c35b40a1c885e7ae63d69bbd99dcf,65,65,0,322.5,0.0,2093.5,3957,472,7.3,276,35,2,2,0.969,185,0.622,15,4.33,732.3,,17:20,0.9,748
9002,S0_normal,B_dynamic,True,0,logs/S0_normal_9002_B_dynamic.json,1d21ac1b32b6339d1959127a7820b2658066d4c34cbf67b05e8b84953e9882e5,65,65,0,322.5,0.0,2093.5,3972,323,5.0,391,36,1,6,0.908,0,0.623,15,4.33,725.6,,17:27,30.4,714
9002,S0_normal,C_ai_rolling,True,0,logs/S0_normal_9002_C_ai_rolling.json,e30353800ac80aa74f22eb9f5227c5fcf1ee34f58d70b56411919fa144d14c59,65,65,0,322.5,0.0,2093.5,3999,116,1.8,507,39,3,13,0.8,0,0.626,15,4.33,713.1,,17:39,2091.9,623
9002,S1_light_traffic,A_static_planned,True,0,logs/S1_light_traffic_9002_A_static_planned.json,5b51f8ba235ced65f5bdf8ecb28231878fe23739eafa32c2b9da57d13f38d41e,65,65,0,322.5,0.0,2093.5,3556,580,8.9,207,31,1,2,0.969,156,0.582,15,4.33,737.6,,17:05,1.3,787
9002,S1_light_traffic,B_dynamic,True,0,logs/S1_light_traffic_9002_B_dynamic.json,4ebf51ef11b8f249a7a80499f8a0d4453ce33de36032138f09c0aa9c41120d74,65,65,0,322.5,0.0,2093.5,3574,308,4.7,318,35,1,5,0.923,0,0.583,15,4.33,721.2,,17:09,19.1,626
9002,S1_light_traffic,C_ai_rolling,True,0,logs/S1_light_traffic_9002_C_ai_rolling.json,349d2e01b7f75935685e1f277dec96c13ad811a573f8139a24718debc7491f0e,65,65,0,322.5,0.0,2093.5,3588,116,1.8,476,36,3,13,0.8,0,0.585,15,4.33,715.6,,17:23,2069.3,592
9002,S2_peak_traffic,A_static_planned,True,0,logs/S2_peak_traffic_9002_A_static_planned.json,33047af61bae79ee674b3ccaa8c35cc8a448b84926aa99a090c3bb74d3bb31a2,65,65,0,322.5,0.0,2093.5,4872,309,4.8,537,44,3,11,0.831,332,0.713,15,4.33,723.0,,18:00,0.9,846
9002,S2_peak_traffic,B_dynamic,True,0,logs/S2_peak_traffic_9002_B_dynamic.json,70330188c8718c9875c3cae343159619f2e69f9bc0f7e55545861205c7ff6bfb,65,65,0,322.5,0.0,2093.5,4941,318,4.9,584,42,4,17,0.738,0,0.72,15,4.33,721.6,,17:53,19.5,902
9002,S2_peak_traffic,C_ai_rolling,True,0,logs/S2_peak_traffic_9002_C_ai_rolling.json,4eb300e30fef8abda1d51b3bc381ec7a59645d6af82cda817bf24d8cbb87d638,65,65,0,322.5,0.0,2093.5,5035,109,1.7,746,69,5,21,0.677,0,0.729,15,4.33,713.3,,19:07,1905.6,855
9002,S3_site_delay,A_static_planned,True,0,logs/S3_site_delay_9002_A_static_planned.json,1211ec6d9d702e30066f14ea87e5de9332fbf9047d8951c9ef3ad696030a222f,65,65,0,322.5,0.0,2093.5,3935,588,9.0,276,35,2,2,0.969,185,0.619,15,4.33,736.7,,17:20,0.9,864
9002,S3_site_delay,B_dynamic,True,0,logs/S3_site_delay_9002_B_dynamic.json,918fc23d2ef1b3862c9cb708170ded5e00417d3d71b938ec205efa036db45338,65,65,0,322.5,0.0,2093.5,3954,320,4.9,391,36,1,6,0.908,0,0.621,15,4.33,724.5,,17:27,17.8,711
9002,S3_site_delay,C_ai_rolling,True,0,logs/S3_site_delay_9002_C_ai_rolling.json,735c3c54059d3b45c29cb6a58ffd1516e971741df211ebfb235f338f9ebadcf5,65,65,0,322.5,0.0,2093.5,3979,116,1.8,509,39,3,13,0.8,0,0.624,15,4.33,711.6,,17:39,1907.0,625
9002,S4_multi_site_delay,A_static_planned,True,0,logs/S4_multi_site_delay_9002_A_static_planned.json,96eeafe8845697d209b68defddd49c16040dd657b904f362c0431ec8d095b551,65,65,0,322.5,0.0,2093.5,3944,757,11.6,371,57,4,6,0.908,293,0.62,15,4.33,746.5,,17:32,0.9,1128
9002,S4_multi_site_delay,B_dynamic,True,0,logs/S4_multi_site_delay_9002_B_dynamic.json,b117c644f9ed97165f5cf5f4c368d2bb168fd29e91d70b05c9011a7650149b6c,65,65,0,322.5,0.0,2093.5,3969,358,5.5,496,48,3,11,0.831,0,0.623,15,4.33,724.9,,17:47,17.3,854
9002,S4_multi_site_delay,C_ai_rolling,True,0,logs/S4_multi_site_delay_9002_C_ai_rolling.json,41080e697d6ef226b8ea246c4b40d744739dde0284ab92c538bcea034e69b199,65,65,0,322.5,0.0,2093.5,3966,167,2.6,545,36,2,14,0.785,0,0.622,15,4.33,716.4,,17:47,2081.7,712
9002,S5_pump_failure,A_static_planned,True,0,logs/S5_pump_failure_9002_A_static_planned.json,d9435b6adbe25972e2d295054b0c5c04ba568cbb47092e89cd2484101331276a,65,65,0,322.5,0.0,2093.5,3985,598,9.2,337,57,4,3,0.954,246,0.624,15,4.33,738.5,,17:32,1.0,935
9002,S5_pump_failure,B_dynamic,True,0,logs/S5_pump_failure_9002_B_dynamic.json,2c6d09fbed4372017af8cc884a893bef358c27a4f7f1c9ac8ea4049bf1b94720,65,65,0,322.5,0.0,2093.5,4006,318,4.9,456,53,3,7,0.892,0,0.626,15,4.33,722.1,,17:37,19.3,774
9002,S5_pump_failure,C_ai_rolling,True,0,logs/S5_pump_failure_9002_C_ai_rolling.json,353f3216b12fb3d5c4f9bfc6e6650e5778b77ac2c763dc49e3376c9621a222ec,65,65,0,322.5,0.0,2093.5,4003,114,1.8,522,35,2,11,0.831,0,0.626,15,4.33,714.9,,17:47,1975.4,636
9002,S6_high_demand,A_static_planned,True,0,logs/S6_high_demand_9002_A_static_planned.json,255665020ee592f73ca4e80e9584f54738b78644949b3429aba946f2db0a1dfe,99,99,0,511.5,0.0,3204.9,6359,260,2.6,2368,45,9,76,0.232,6200,0.981,15,6.6,1094.2,,19:45,1.6,2628
9002,S6_high_demand,B_dynamic,True,0,logs/S6_high_demand_9002_B_dynamic.json,e8addd90785cf1f7b013dcd8c2d9715060ae51651c4d609b664155c029966844,99,97,2,502.0,9.5,3144.3,6224,119,1.2,3488,238,27,72,0.273,0,0.961,15,6.47,1068.5,,19:31,24.8,5607
9002,S6_high_demand,C_ai_rolling,True,0,logs/S6_high_demand_9002_C_ai_rolling.json,00877a72a85d2a2b30ebd5583d56f6b7ca04476e835c5c797b5b2404a70735c9,99,98,1,506.75,4.75,3174.6,6270,7,0.1,3634,318,27,75,0.242,0,0.969,15,6.53,1075.0,,19:41,2444.4,4641
9002,S7_mixed_disruption,A_static_planned,True,0,logs/S7_mixed_disruption_9002_A_static_planned.json,987b4f49e238130ff4ba124e34663d330e9be8c92c9be9b389e604008ca6a5cb,65,65,0,322.5,0.0,2093.5,4861,806,12.4,852,65,7,26,0.6,1432,0.712,15,4.33,751.5,,19:00,1.2,1658
9002,S7_mixed_disruption,B_dynamic,True,0,logs/S7_mixed_disruption_9002_B_dynamic.json,1eef86e3182bc96f37916d2628bec9df0c04c03e731093cf4e9c4b269522536a,65,65,0,322.5,0.0,2093.5,4843,442,6.8,848,97,8,26,0.6,0,0.71,15,4.33,732.4,,19:18,29.7,1290
9002,S7_mixed_disruption,C_ai_rolling,True,0,logs/S7_mixed_disruption_9002_C_ai_rolling.json,9913f1e038923b8e0f0f42bb11de15ec90816f82d3ff7929fd8ede8dd32d2ff9,65,65,0,322.5,0.0,2093.5,4819,152,2.3,841,59,6,24,0.631,0,0.708,15,4.33,721.5,,18:31,2452.6,993
9002,S8_ai_prediction_error,A_static_planned,True,0,logs/S8_ai_prediction_error_9002_A_static_planned.json,43354646a1e982327b84aeadc821da34c76c7fa45efdba88b9b006629ea1b1c8,65,65,0,322.5,0.0,2093.5,3954,522,8.0,248,34,2,1,0.985,130,0.621,15,4.33,732.1,,17:14,1.1,770
9002,S8_ai_prediction_error,B_dynamic,True,0,logs/S8_ai_prediction_error_9002_B_dynamic.json,a3eb7ed47e0d39c6dbea435abbc1333069e463eac01275ae68c1ef39388caa22,65,65,0,322.5,0.0,2093.5,3976,248,3.8,415,36,1,6,0.908,0,0.623,15,4.33,721.0,,17:22,18.8,663
9002,S8_ai_prediction_error,C_ai_rolling,True,0,logs/S8_ai_prediction_error_9002_C_ai_rolling.json,bdda4bbb14cc85be2645e42db146d2063a48a05ef003940f5908643566525788,65,65,0,322.5,0.0,2093.5,3978,98,1.5,469,26,0,6,0.908,0,0.624,15,4.33,710.7,,17:22,2087.4,567
9003,S0_normal,A_static_planned,True,0,logs/S0_normal_9003_A_static_planned.json,7a5d05d3d4a30f572594ac71006b0b339ce771072715c0a9c9d07e704d8520c7,76,76,0,381.0,0.0,2540.3,4857,173,2.3,1533,62,9,45,0.408,2680,0.746,15,5.07,864.5,,17:25,1.1,1706
9003,S0_normal,B_dynamic,True,0,logs/S0_normal_9003_B_dynamic.json,b2b0723b4f8faea01dd26d6cfc51254f729e6f825efc881eee196779212ffb63,76,76,0,381.0,0.0,2540.3,4848,27,0.4,2035,67,15,50,0.342,0,0.745,15,5.07,859.8,,17:42,23.1,2062
9003,S0_normal,C_ai_rolling,True,0,logs/S0_normal_9003_C_ai_rolling.json,d1dc0f382c317e3ba3a490e1e734ff209676c1eb1da74c761fe21f4a0072a147,76,76,0,381.0,0.0,2540.3,4862,8,0.1,2120,72,16,52,0.316,0,0.746,15,5.07,859.0,,17:42,2230.6,2128
9003,S1_light_traffic,A_static_planned,True,0,logs/S1_light_traffic_9003_A_static_planned.json,154df3bd95fa1658953385a5b7ba1ccc17787caab2f30953339b4edca25fafac,76,76,0,381.0,0.0,2540.3,4340,237,3.1,1281,56,5,40,0.474,2353,0.694,15,5.07,871.1,,17:05,1.1,1518
9003,S1_light_traffic,B_dynamic,True,0,logs/S1_light_traffic_9003_B_dynamic.json,a5782a3ae4d76dcce3f014e48c8857fc48a44018b0b2912e9921c499f8b8e371,76,76,0,381.0,0.0,2540.3,4340,27,0.4,1852,127,12,46,0.395,0,0.694,15,5.07,858.4,,17:13,21.0,1879
9003,S1_light_traffic,C_ai_rolling,True,0,logs/S1_light_traffic_9003_C_ai_rolling.json,013d80020b508f567a8c739025d9a7d84040622c0a4d02b6ccbc64c77e12e437,76,76,0,381.0,0.0,2540.3,4344,5,0.1,1854,107,13,51,0.329,0,0.695,15,5.07,860.2,,17:15,2081.8,1859
9003,S2_peak_traffic,A_static_planned,True,0,logs/S2_peak_traffic_9003_A_static_planned.json,57ffc5bbf83bbfce7e0fe5c977a502146ad050cde1d5a271c79cc2e5f559e419,76,76,0,381.0,0.0,2540.3,6041,84,1.1,2330,69,13,54,0.289,3974,0.864,15,5.07,862.6,,18:55,1.2,2414
9003,S2_peak_traffic,B_dynamic,True,0,logs/S2_peak_traffic_9003_B_dynamic.json,a68b7af6661544fce7c86e8c771adce2d828c3bf0ad20e5fc43088f5ae27b84a,76,76,0,381.0,0.0,2540.3,6044,9,0.1,3002,116,22,60,0.211,0,0.864,15,5.07,861.7,,18:48,21.5,3011
9003,S2_peak_traffic,C_ai_rolling,True,0,logs/S2_peak_traffic_9003_C_ai_rolling.json,8918a7fed4d8bd024bc867ef77ef2f51f6b859fb3a88a39770eff6211efd7af8,76,76,0,381.0,0.0,2540.3,6074,0,0.0,3018,64,21,65,0.145,0,0.867,15,5.07,859.6,,18:48,2253.6,3018
9003,S3_site_delay,A_static_planned,True,0,logs/S3_site_delay_9003_A_static_planned.json,49f752857fc51d39c70d50a5053ef7e342efc625c19283e9716112581a22f734,76,76,0,381.0,0.0,2540.3,4852,191,2.5,1496,62,9,43,0.434,2693,0.745,15,5.07,864.6,,17:25,1.1,1687
9003,S3_site_delay,B_dynamic,True,0,logs/S3_site_delay_9003_B_dynamic.json,b2b0723b4f8faea01dd26d6cfc51254f729e6f825efc881eee196779212ffb63,76,76,0,381.0,0.0,2540.3,4848,27,0.4,1991,67,15,50,0.342,0,0.745,15,5.07,859.8,,17:42,25.0,2018
9003,S3_site_delay,C_ai_rolling,True,0,logs/S3_site_delay_9003_C_ai_rolling.json,d1dc0f382c317e3ba3a490e1e734ff209676c1eb1da74c761fe21f4a0072a147,76,76,0,381.0,0.0,2540.3,4862,8,0.1,2076,72,16,52,0.316,0,0.746,15,5.07,859.0,,17:42,2352.3,2084
9003,S4_multi_site_delay,A_static_planned,True,0,logs/S4_multi_site_delay_9003_A_static_planned.json,5092190e8ee75c4c36bc58efe0fe85c736b7d0daa903cc4a4081a5794c97fe35,76,76,0,381.0,0.0,2540.3,4812,412,5.4,1538,64,9,44,0.421,2904,0.741,15,5.07,877.9,,17:26,1.1,1950
9003,S4_multi_site_delay,B_dynamic,True,0,logs/S4_multi_site_delay_9003_B_dynamic.json,675f4dc53ef9421acd2f605115421a9297a1085bfb05810ae27b9bbd4729298d,76,76,0,381.0,0.0,2540.3,4873,8,0.1,2134,78,13,56,0.263,0,0.748,15,5.07,858.6,,17:42,28.4,2142
9003,S4_multi_site_delay,C_ai_rolling,True,0,logs/S4_multi_site_delay_9003_C_ai_rolling.json,ef75048d9e11f9f8589ae6f66ffbff03198c4b010d46ddf5c783f5e5425882a1,76,76,0,381.0,0.0,2540.3,4869,6,0.1,2137,61,13,53,0.303,0,0.747,15,5.07,854.1,,17:46,2184.9,2143
9003,S5_pump_failure,A_static_planned,True,0,logs/S5_pump_failure_9003_A_static_planned.json,9a97d552e58c6a4f99177ebf62ac1056ae20efc14b7215f187ed5aca20e25701,76,76,0,381.0,0.0,2540.3,4846,268,3.5,1494,62,8,42,0.447,2707,0.745,15,5.07,870.2,,17:25,1.1,1762
9003,S5_pump_failure,B_dynamic,True,0,logs/S5_pump_failure_9003_B_dynamic.json,03fc0d8a5e6c0f723c87dc9b9633e6143eec29fb3ad1c1cc0124e568a5242238,76,76,0,381.0,0.0,2540.3,4846,29,0.4,2009,107,14,46,0.395,0,0.745,15,5.07,859.6,,17:27,20.4,2038
9003,S5_pump_failure,C_ai_rolling,True,0,logs/S5_pump_failure_9003_C_ai_rolling.json,bee4ce6ba05f4ba0e054f844e4efcdb80178709893ad091d1d65fa4b56811004,76,76,0,381.0,0.0,2540.3,4844,13,0.2,2007,63,12,51,0.329,0,0.745,15,5.07,859.3,,17:32,2149.7,2020
9003,S6_high_demand,A_static_planned,True,0,logs/S6_high_demand_9003_A_static_planned.json,0fcdedf91508aa77496175f8854a6729d2782d629eac521a7c31d4bc4b40e8b7,121,98,23,510.5,121.0,3242.1,6441,71,0.7,4948,112,35,105,0.132,10454,0.989,15,6.53,1100.0,,19:26,1.7,28019
9003,S6_high_demand,B_dynamic,True,0,logs/S6_high_demand_9003_B_dynamic.json,baf042384fcba4ac788ebd9b96e9b3c02ca615093f14fc56400d67a3145b59a0,121,92,29,481.5,150.0,3121.1,6219,3,0.0,5219,383,41,106,0.124,0,0.937,15,6.13,1056.4,,19:28,36.5,34222
9003,S6_high_demand,C_ai_rolling,True,0,logs/S6_high_demand_9003_C_ai_rolling.json,0f8518792317f8a939b55b86d79bd5d3dc5e8cf9ddaf5f19c85e4d6ef9859840,121,91,30,477.25,154.25,3112.4,6156,5,0.1,4952,286,43,107,0.116,0,0.926,15,6.07,1051.2,,19:26,2543.0,34957
9003,S7_mixed_disruption,A_static_planned,True,0,logs/S7_mixed_disruption_9003_A_static_planned.json,2593b26559163d81f3110e9fdbc5b959222b6b8683545a4f756a39306bf7e71c,76,76,0,381.0,0.0,2540.3,5989,261,3.4,2316,70,10,48,0.368,4950,0.86,15,5.07,876.7,,19:12,1.2,2577
9003,S7_mixed_disruption,B_dynamic,True,0,logs/S7_mixed_disruption_9003_B_dynamic.json,15ec579751a577cb37721e03deeabd51fcd6b47a13a2d81f4b353879a817ab33,76,76,0,381.0,0.0,2540.3,5955,89,1.2,2721,79,20,55,0.276,0,0.857,15,5.07,867.5,,19:07,23.5,2810
9003,S7_mixed_disruption,C_ai_rolling,True,0,logs/S7_mixed_disruption_9003_C_ai_rolling.json,9123ca3673d53566ad7446b90df937fcade2f03d29f77aaaa7fbc3eb31c558bf,76,76,0,381.0,0.0,2540.3,5981,5,0.1,2860,142,20,64,0.158,0,0.859,15,5.07,859.8,,19:07,2658.4,2865
9003,S8_ai_prediction_error,A_static_planned,True,0,logs/S8_ai_prediction_error_9003_A_static_planned.json,b246d89bcbbddd0b49bfc7cea6593380d9dd7ce9e5273bae6a2735fe2b9b1568,76,76,0,381.0,0.0,2540.3,4848,239,3.1,1539,56,8,40,0.474,2734,0.745,15,5.07,868.3,,17:25,1.0,1778
9003,S8_ai_prediction_error,B_dynamic,True,0,logs/S8_ai_prediction_error_9003_B_dynamic.json,871092077d45070b5853176519e2361a8fe20c371d777a729d6da6b30ba54c00,76,76,0,381.0,0.0,2540.3,4827,26,0.3,1859,77,9,42,0.447,0,0.743,15,5.07,858.3,,17:47,21.8,1885
9003,S8_ai_prediction_error,C_ai_rolling,True,0,logs/S8_ai_prediction_error_9003_C_ai_rolling.json,58b19e66f76e831e7bd673176b6587f48d5415e7450830f65c24e57e6f8f1a3d,76,76,0,381.0,0.0,2540.3,4839,10,0.1,1950,131,12,44,0.421,0,0.744,15,5.07,858.8,,17:27,1896.6,1960
9004,S0_normal,A_static_planned,True,0,logs/S0_normal_9004_A_static_planned.json,c295afcc3034db9c259565769b48b5cc0225f1aad136b0b0137a6ffa349ce249,62,62,0,298.5,0.0,2211.2,4120,579,9.3,537,39,3,16,0.742,784,0.635,15,4.13,774.2,,17:19,1.0,1116
9004,S0_normal,B_dynamic,True,0,logs/S0_normal_9004_B_dynamic.json,c19633edbee20b4f870cea3ac2bc69bfa08eaaea15b20ff392b0f49c02b1d946,62,62,0,298.5,0.0,2211.2,4189,405,6.5,819,47,7,22,0.645,0,0.642,15,4.13,765.5,,17:51,19.8,1224
9004,S0_normal,C_ai_rolling,True,0,logs/S0_normal_9004_C_ai_rolling.json,dc3952be0f91027676258413e1b129109a6c6392f8e26c2571ae673c376b97d6,62,62,0,298.5,0.0,2211.2,4199,188,3.0,999,52,7,27,0.565,0,0.643,15,4.13,756.6,,18:11,2068.1,1187
9004,S1_light_traffic,A_static_planned,True,0,logs/S1_light_traffic_9004_A_static_planned.json,c63fde02a749008006bc46276a6aec3e04c901b3d4d3b269d758868453450547,62,62,0,298.5,0.0,2211.2,3679,707,11.4,432,41,2,12,0.806,656,0.591,15,4.13,781.4,,17:01,0.9,1139
9004,S1_light_traffic,B_dynamic,True,0,logs/S1_light_traffic_9004_B_dynamic.json,2eb2dd788490e9d69a4028b1857ea4dab8725e4bec6793f86f76b20805289c4f,62,62,0,298.5,0.0,2211.2,3745,437,7.0,763,56,6,20,0.677,0,0.597,15,4.13,771.6,,17:36,19.7,1200
9004,S1_light_traffic,C_ai_rolling,True,0,logs/S1_light_traffic_9004_C_ai_rolling.json,71f0b1a9a347d7e3494b9802be78c02d02a0d8c09a4eb0f5dd10050bdf008e9d,62,62,0,298.5,0.0,2211.2,3738,197,3.2,911,48,4,24,0.613,0,0.597,15,4.13,758.3,,17:47,2074.9,1108
9004,S2_peak_traffic,A_static_planned,True,0,logs/S2_peak_traffic_9004_A_static_planned.json,cf617caa3c1a44498fb4b1bb1a2a364580e6539067ed32208e24a04b9f105875,62,62,0,298.5,0.0,2211.2,5055,438,7.1,876,44,4,27,0.565,1237,0.728,15,4.13,769.8,,18:01,0.9,1314
9004,S2_peak_traffic,B_dynamic,True,0,logs/S2_peak_traffic_9004_B_dynamic.json,1107b08ccf3a7b926451b16fdd6aa1b218a666efd80e940b3d3301611936b250,62,62,0,298.5,0.0,2211.2,5154,456,7.4,1063,54,11,25,0.597,0,0.738,15,4.13,771.1,,18:39,18.7,1519
9004,S2_peak_traffic,C_ai_rolling,True,0,logs/S2_peak_traffic_9004_C_ai_rolling.json,fc4c29422ad8e8189e0c4aaefa0d55438eb1baf3fc2b0998ad9a1de72568718a,62,62,0,298.5,0.0,2211.2,5203,258,4.2,1096,68,10,25,0.597,0,0.743,15,4.13,760.6,,18:39,1863.7,1354
9004,S3_site_delay,A_static_planned,True,0,logs/S3_site_delay_9004_A_static_planned.json,5d90aff8dff6c54657231d3bf59c12fb988a89cfb8dd7987d21f558926099519,62,62,0,298.5,0.0,2211.2,4099,714,11.5,537,39,3,16,0.742,784,0.633,15,4.13,781.5,,17:19,1.4,1251
9004,S3_site_delay,B_dynamic,True,0,logs/S3_site_delay_9004_B_dynamic.json,def68977388fcd2e4c58f10f48ef3a7a28c8fd31084fae0f02a0ec0223145551,62,62,0,298.5,0.0,2211.2,4157,423,6.8,855,47,8,24,0.613,0,0.638,15,4.13,767.9,,17:51,25.5,1278
9004,S3_site_delay,C_ai_rolling,True,0,logs/S3_site_delay_9004_C_ai_rolling.json,405c88f065171c18bf7fca57e19b5c64dc97f3178da9fd5a6faddfbde2e849fe,62,62,0,298.5,0.0,2211.2,4179,184,3.0,996,52,7,26,0.581,0,0.641,15,4.13,755.1,,18:11,2278.7,1180
9004,S4_multi_site_delay,A_static_planned,True,0,logs/S4_multi_site_delay_9004_A_static_planned.json,bf955b04d25f72ee8ba6038ff9119efac24669943e3baf57a455dedaa3299a1f,62,62,0,298.5,0.0,2211.2,4144,791,12.8,576,42,4,17,0.726,888,0.637,15,4.13,787.6,,17:26,0.9,1367
9004,S4_multi_site_delay,B_dynamic,True,0,logs/S4_multi_site_delay_9004_B_dynamic.json,5bbe1bde6fc5dea7cb222ac96e1300d8484af6d93efda2d0de9381467b60ed2d,62,62,0,298.5,0.0,2211.2,4203,389,6.3,776,56,7,19,0.694,0,0.643,15,4.13,766.8,,17:51,19.5,1165
9004,S4_multi_site_delay,C_ai_rolling,True,0,logs/S4_multi_site_delay_9004_C_ai_rolling.json,32112ce01a67886c17e100b091b78dcd455e4d7579e81336e4170de7311d359d,62,62,0,298.5,0.0,2211.2,4237,222,3.6,1011,54,6,29,0.532,0,0.646,15,4.13,761.1,,18:16,2069.6,1233
9004,S5_pump_failure,A_static_planned,True,0,logs/S5_pump_failure_9004_A_static_planned.json,8f5f10fec8be134c3f150c319fc8b977d81668ceacbca284856a3c5b4e188bee,62,62,0,298.5,0.0,2211.2,4120,634,10.2,537,39,3,16,0.742,784,0.635,15,4.13,778.0,,17:19,0.8,1171
9004,S5_pump_failure,B_dynamic,True,0,logs/S5_pump_failure_9004_B_dynamic.json,cbbec223fe6b0b6a30461d7f0db4c36e47aefda0b963fc059611ce6bf47b5e06,62,62,0,298.5,0.0,2211.2,4193,399,6.4,827,47,7,22,0.645,0,0.642,15,4.13,767.6,,17:51,19.0,1226
9004,S5_pump_failure,C_ai_rolling,True,0,logs/S5_pump_failure_9004_C_ai_rolling.json,d40870d9647157fee2f149b21886c93855b1529505169d5a50fb281bc688911e,62,62,0,298.5,0.0,2211.2,4203,189,3.0,999,52,7,27,0.565,0,0.643,15,4.13,756.9,,18:11,2076.1,1188
9004,S6_high_demand,A_static_planned,True,0,logs/S6_high_demand_9004_A_static_planned.json,3554cf9e609a9964c3de85cac74aff44b5fb5149dff84d1d1c9b81fadfb46c02,98,94,4,481.0,19.0,3344.6,6573,557,5.9,2905,70,14,62,0.367,6429,0.993,15,6.27,1156.5,,19:58,1.5,7462
9004,S6_high_demand,B_dynamic,True,0,logs/S6_high_demand_9004_B_dynamic.json,7afd4515d4611bdc07da9ec290115f64b9fa8ade2bc43499cc89f135f3e42722,98,91,7,466.5,33.5,3247.4,6438,285,3.1,3767,369,27,63,0.357,0,0.969,15,6.07,1111.3,,19:45,26.2,11052
9004,S6_high_demand,C_ai_rolling,True,0,logs/S6_high_demand_9004_C_ai_rolling.json,3c3243d1d58c4d3b2a87d4cac2190655735cab04a929e91ab88958390956e5ff,98,90,8,460.5,39.5,3234.8,6408,169,1.9,3714,333,26,63,0.357,0,0.964,15,6.0,1101.8,,19:33,2537.7,11883
9004,S7_mixed_disruption,A_static_planned,True,0,logs/S7_mixed_disruption_9004_A_static_planned.json,383ca385f99cbd7155596db1eb819e86863e9c4f69b7e597aae5134a89b441cf,62,62,0,298.5,0.0,2211.2,4944,861,13.9,914,53,5,27,0.565,1761,0.719,14,4.43,792.8,,18:43,1.2,1775
9004,S7_mixed_disruption,B_dynamic,True,0,logs/S7_mixed_disruption_9004_B_dynamic.json,232d6e64ce0ec3e785a09750d62ecb067c2acc66dac03c2a94cf8b072c768765,62,62,0,298.5,0.0,2211.2,5124,608,9.8,1366,76,13,28,0.548,0,0.737,14,4.43,780.7,,19:07,33.3,1974
9004,S7_mixed_disruption,C_ai_rolling,True,0,logs/S7_mixed_disruption_9004_C_ai_rolling.json,bfc3fa34a21bbb2a7af1e172b23758c303180c40da169417009b456814d43d08,62,62,0,298.5,0.0,2211.2,5040,254,4.1,1245,76,10,27,0.565,0,0.728,14,4.43,761.6,,19:02,2414.3,1499
9004,S8_ai_prediction_error,A_static_planned,True,0,logs/S8_ai_prediction_error_9004_A_static_planned.json,867c355ee147e4c3f0b1b829877047026c5e3d84b1d2a19778b3bfea90c23eec,62,62,0,298.5,0.0,2211.2,4116,514,8.3,617,45,2,18,0.71,845,0.634,15,4.13,773.2,,17:19,0.8,1131
9004,S8_ai_prediction_error,B_dynamic,True,0,logs/S8_ai_prediction_error_9004_B_dynamic.json,93097272e277146303b140bc11cfc6f3635f627b1430156f1e254029c802cca4,62,62,0,298.5,0.0,2211.2,4195,295,4.8,892,47,7,24,0.613,0,0.642,15,4.13,761.6,,17:51,18.8,1187
9004,S8_ai_prediction_error,C_ai_rolling,True,0,logs/S8_ai_prediction_error_9004_C_ai_rolling.json,27bc8508f9ad858b9bba24fedf5b38da723735fecca60a380255e289214b8c7d,62,62,0,298.5,0.0,2211.2,4208,187,3.0,1016,52,9,25,0.597,0,0.644,15,4.13,756.7,,18:11,1892.6,1203
9005,S0_normal,A_static_planned,True,0,logs/S0_normal_9005_A_static_planned.json,61d1a865881a041082b9955df6b38034cac95f2b0f16b21ece99999cd1b0013a,69,69,0,337.0,0.0,2313.4,4401,416,6.0,916,49,2,31,0.551,1857,0.686,15,4.6,802.7,,17:46,2.2,1332
9005,S0_normal,B_dynamic,True,0,logs/S0_normal_9005_B_dynamic.json,fbf095dfd9fec070bb0ee6c4b90c6a52cfb6da16315d440b39f2b972a2e08b46,69,69,0,337.0,0.0,2313.4,4408,269,3.9,1262,177,12,32,0.536,0,0.687,15,4.6,796.8,,17:37,24.8,1531
9005,S0_normal,C_ai_rolling,True,0,logs/S0_normal_9005_C_ai_rolling.json,6623f8e4f9a646f7184a2011d6049be786bfe6dca52c61ded8f733b569005116,69,69,0,337.0,0.0,2313.4,4391,64,0.9,1297,187,10,31,0.551,0,0.685,15,4.6,786.7,,17:41,1937.2,1361
9005,S1_light_traffic,A_static_planned,True,0,logs/S1_light_traffic_9005_A_static_planned.json,f309ca482856e2c2f219c754f2ee9f7c1c50436d0926f1fe98b1eae085d5ffe0,69,69,0,337.0,0.0,2313.4,3924,511,7.4,775,49,2,29,0.58,1687,0.639,15,4.6,807.2,,17:27,0.9,1286
9005,S1_light_traffic,B_dynamic,True,0,logs/S1_light_traffic_9005_B_dynamic.json,5915232386eb2224015e5ad3b40a22910168ab36161ef83d8f225e93c2172447,69,69,0,337.0,0.0,2313.4,3960,304,4.4,1136,157,8,27,0.609,0,0.642,15,4.6,798.5,,17:25,19.8,1440
9005,S1_light_traffic,C_ai_rolling,True,0,logs/S1_light_traffic_9005_C_ai_rolling.json,96961993230a49804d6b202d9bdf8d2346a61bd121e9c271ab29a071e4805ba6,69,69,0,337.0,0.0,2313.4,3921,67,1.0,1173,175,7,25,0.638,0,0.638,15,4.6,787.5,,17:24,2115.4,1240
9005,S2_peak_traffic,A_static_planned,True,0,logs/S2_peak_traffic_9005_A_static_planned.json,e4a8568e46235514a0c5f15dbaa77a0abcdeff76987443c2c2b053db8cf2c422,69,69,0,337.0,0.0,2313.4,5370,278,4.0,1209,69,3,38,0.449,2217,0.783,15,4.6,796.3,,18:19,1.0,1487
9005,S2_peak_traffic,B_dynamic,True,0,logs/S2_peak_traffic_9005_B_dynamic.json,07ae7d145d8a9db0c24f6402a49778c665b2ee755d03d7dfec083ef809d9c918,69,69,0,337.0,0.0,2313.4,5392,295,4.3,1496,206,14,34,0.507,0,0.785,15,4.6,798.6,,18:38,21.7,1791
9005,S2_peak_traffic,C_ai_rolling,True,0,logs/S2_peak_traffic_9005_C_ai_rolling.json,0fafb32130dd358c49653c7ec5c7e98ffb017845b8ced1f625d638bf79e10f9d,69,69,0,337.0,0.0,2313.4,5348,66,1.0,1590,211,13,37,0.464,0,0.781,15,4.6,788.7,,18:38,2126.6,1656
9005,S3_site_delay,A_static_planned,True,0,logs/S3_site_delay_9005_A_static_planned.json,95914ad95b4c1cbe0144001b8b819c1453f2cb10533dd74bb17f3dc9f4c81b62,69,69,0,337.0,0.0,2313.4,4405,491,7.1,892,49,2,31,0.551,1857,0.687,15,4.6,807.2,,17:46,1.1,1383
9005,S3_site_delay,B_dynamic,True,0,logs/S3_site_delay_9005_B_dynamic.json,5f0683b2201f0fb874ce70000c55101b595704f06482d81061ed7218e1021020,69,69,0,337.0,0.0,2313.4,4412,269,3.9,1243,177,12,32,0.536,0,0.687,15,4.6,797.9,,17:37,26.6,1512
9005,S3_site_delay,C_ai_rolling,True,0,logs/S3_site_delay_9005_C_ai_rolling.json,555326f71bd5b11916fa9a26d0316e01e9fb74935ed31983346b0a66712961b8,69,69,0,337.0,0.0,2313.4,4414,64,0.9,1303,187,10,34,0.507,0,0.688,15,4.6,787.2,,17:41,2062.7,1367
9005,S4_multi_site_delay,A_static_planned,True,0,logs/S4_multi_site_delay_9005_A_static_planned.json,2f9ee3f5c5460f421721e0b69558bd9ec55fed1f55e18a59a57704a734adfc04,69,69,0,337.0,0.0,2313.4,4408,714,10.3,872,49,2,31,0.551,1862,0.687,15,4.6,819.1,,17:46,0.9,1586
9005,S4_multi_site_delay,B_dynamic,True,0,logs/S4_multi_site_delay_9005_B_dynamic.json,b37ee3e6725ab5f6fc11976e07bea231a51abc6d6821261c44faa437e4d3c8ea,69,69,0,337.0,0.0,2313.4,4429,241,3.5,1218,155,9,33,0.522,0,0.689,15,4.6,797.8,,17:46,20.4,1459
9005,S4_multi_site_delay,C_ai_rolling,True,0,logs/S4_multi_site_delay_9005_C_ai_rolling.json,462a25075c5cb1dc0627db3d4b3e3d0eee503670a57a2a75622da2d5684772ca,69,69,0,337.0,0.0,2313.4,4410,123,1.8,1279,187,10,32,0.536,0,0.687,15,4.6,789.2,,17:41,2170.7,1402
9005,S5_pump_failure,A_static_planned,True,0,logs/S5_pump_failure_9005_A_static_planned.json,d32f021ebf6c61d4175d9730a0436b6c5fc44672a9d04f93e2f28a9b09b2b042,69,69,0,337.0,0.0,2313.4,4418,498,7.2,962,51,3,33,0.522,2017,0.688,15,4.6,807.5,,17:49,1.2,1460
9005,S5_pump_failure,B_dynamic,True,0,logs/S5_pump_failure_9005_B_dynamic.json,f9946ed8d138d891962e9e18f91b15321dd6ed4c41e8bdf58ad63121e36a6910,69,69,0,337.0,0.0,2313.4,4431,238,3.4,1470,187,14,33,0.522,0,0.689,15,4.6,795.4,,17:51,21.2,1708
9005,S5_pump_failure,C_ai_rolling,True,0,logs/S5_pump_failure_9005_C_ai_rolling.json,05200683ffeff73c220665952c2e078f73f403169c279a1efe65a2644d8997b0,69,69,0,337.0,0.0,2313.4,4421,58,0.8,1381,182,8,36,0.478,0,0.688,15,4.6,788.4,,18:07,2208.9,1439
9005,S6_high_demand,A_static_planned,True,0,logs/S6_high_demand_9005_A_static_planned.json,28398f9ce39592d5ff1312b9fdff805bf572e18b28368254f81a00c3e55285dd,110,98,12,496.5,53.5,3189.3,6383,234,2.4,3539,78,16,75,0.318,8277,0.991,15,6.53,1090.4,,19:46,2.2,15773
9005,S6_high_demand,B_dynamic,True,0,logs/S6_high_demand_9005_B_dynamic.json,7079555f72fc090d04d74c2c7ed456ee1b802f8b19f68a871e5a37e8cccb8822,110,94,16,468.5,81.5,3181.5,6360,142,1.5,4106,354,26,76,0.309,0,0.975,15,6.27,1083.5,,19:43,32.5,20248
9005,S6_high_demand,C_ai_rolling,True,0,logs/S6_high_demand_9005_C_ai_rolling.json,74269f69efd57b0ba0e9fb84bd6117025555504775e7f4d87133d0c70d9e2fbe,110,94,16,468.0,82.0,3198.9,6412,19,0.2,4321,287,27,77,0.3,0,0.98,15,6.27,1080.6,,19:48,2673.8,20340
9005,S7_mixed_disruption,A_static_planned,True,0,logs/S7_mixed_disruption_9005_A_static_planned.json,f2bfcf797074bca66d956dd28e8693b7c08a74604de493687f903a54f8f9c865,69,69,0,337.0,0.0,2313.4,5445,613,8.9,1621,58,4,39,0.435,3602,0.792,14,4.93,819.5,,19:08,1.1,2234
9005,S7_mixed_disruption,B_dynamic,True,0,logs/S7_mixed_disruption_9005_B_dynamic.json,c1c4d0eafd12b26d792af9d25225fc5b291cad3f4832c616ce8761eeed0221ff,69,69,0,337.0,0.0,2313.4,5429,457,6.6,1974,168,15,37,0.464,0,0.79,14,4.93,809.5,,19:09,25.1,2431
9005,S7_mixed_disruption,C_ai_rolling,True,0,logs/S7_mixed_disruption_9005_C_ai_rolling.json,6dc87dbba01cda785f1a104a7e7619cd3ced126fb31859430f46b0a02786cfb9,69,69,0,337.0,0.0,2313.4,5429,43,0.6,1947,130,11,41,0.406,0,0.79,14,4.93,786.1,,19:14,2594.5,1990
9005,S8_ai_prediction_error,A_static_planned,True,0,logs/S8_ai_prediction_error_9005_A_static_planned.json,d76c903adc9e42188d7967083365fc4a995c9b1642188ace2a3fecfb5616c14c,69,69,0,337.0,0.0,2313.4,4400,486,7.0,1004,48,3,31,0.551,1860,0.686,15,4.6,807.3,,17:48,1.0,1490
9005,S8_ai_prediction_error,B_dynamic,True,0,logs/S8_ai_prediction_error_9005_B_dynamic.json,9c218de6929b7a645eacdd9a5a1fc6c8f60e9ea6f059a32efe4f7348d1fa29c3,69,69,0,337.0,0.0,2313.4,4433,192,2.8,1332,160,10,30,0.565,0,0.69,15,4.6,791.9,,17:41,25.1,1524
9005,S8_ai_prediction_error,C_ai_rolling,True,0,logs/S8_ai_prediction_error_9005_C_ai_rolling.json,073369779f90a0623dbd4d703a7780388ad2665b36c2ddff5f732e6b466b88d0,69,69,0,337.0,0.0,2313.4,4400,80,1.2,1341,175,5,32,0.536,0,0.686,15,4.6,787.2,,17:46,2023.8,1421
