instance,tier,customers,vehicles,capacity,bks,proven_optimal,our_cost,gap_percent,feasible,status,stop_reason,runtime_sec,reached_solution_limit
E-n22-k4,extra_tiny_for_continuity,21,4,6000,375,True,375,0.0,True,FEASIBLE,solution_limit,3.79,True
E-n23-k3,extra_tiny_for_continuity,22,3,4500,569,True,569,0.0,True,FEASIBLE,solution_limit,3.57,True
E-n30-k3,extra_tiny_for_continuity,29,3,4500,534,True,537,0.562,True,FEASIBLE,solution_limit,5.19,True
E-n33-k4,extra_tiny_for_continuity,32,4,8000,835,True,857,2.635,True,FEASIBLE,solution_limit,6.69,True
E-n51-k5,small,50,5,160,521,True,541,3.839,True,FEASIBLE,solution_limit,14.9,True
E-n76-k7,small,75,7,220,682,True,706,3.519,True,FEASIBLE,time_cap,29.89,False
E-n76-k10,small,75,10,140,830,True,863,3.976,True,FEASIBLE,time_cap,30.0,False
X-n106-k14,medium,105,14,600,26362,True,26919,2.113,True,FEASIBLE,time_cap,30.01,False
X-n120-k6,medium,119,6,21,13332,True,13679,2.603,True,FEASIBLE,time_cap,30.01,False
X-n143-k7,medium,142,7,1190,15700,True,16265,3.599,True,FEASIBLE,time_cap,30.01,False
X-n162-k11,medium,161,11,1174,14138,True,14638,3.537,True,FEASIBLE,time_cap,30.01,False
X-n186-k15,medium,185,15,974,24145,True,25798,6.846,True,FEASIBLE,time_cap,30.01,False
X-n214-k11,medium,213,11,944,10856,True,12753,17.474,True,FEASIBLE,time_cap,30.02,False
X-n237-k14,medium,236,14,18,27042,True,28908,6.9,True,FEASIBLE,time_cap,30.02,False
X-n261-k13,large,260,13,1081,26558,False,28921,8.898,True,FEASIBLE,time_cap,30.02,False
X-n298-k31,large,297,31,55,34231,True,39802,16.275,True,FEASIBLE,time_cap,30.03,False
X-n344-k43,large,343,43,61,42056,False,0,,False,INFEASIBLE,no_solution,30.05,False
X-n393-k38,large,392,38,78,38260,False,0,,False,INFEASIBLE,no_solution,30.06,False
X-n459-k26,large,458,26,1106,24145,False,27582,14.235,True,FEASIBLE,time_cap,30.07,False
X-n513-k21,stress,512,21,142,24201,False,27247,12.586,True,FEASIBLE,time_cap,30.09,False
X-n599-k92,stress,598,93,487,108490,False,0,,False,INFEASIBLE,no_solution,30.15,False
X-n701-k44,stress,700,44,87,81934,False,89250,8.929,True,FEASIBLE,time_cap,30.17,False
X-n801-k40,stress,800,40,20,73331,False,76302,4.051,True,FEASIBLE,time_cap,30.23,False
X-n936-k151,stress,935,157,138,132926,False,0,,False,INFEASIBLE,no_solution,30.35,False
