order_id,site_id,planned_ready_time,actual_ready_time,ready_delay_min,delay_causes,final_volume_m3
O001,S006,2026-10-01T11:45,2026-10-01T11:41,-4,on_time,10.0
O002,S001,2026-10-01T15:00,2026-10-01T15:58,58,base_late,14.0
O003,S006,2026-10-01T07:45,2026-10-01T07:41,-4,on_time,13.5
O004,S008,2026-10-01T07:15,2026-10-01T07:12,-3,on_time,11.0
O005,S003,2026-10-01T08:45,2026-10-01T08:47,2,on_time,7.5
O006,S001,2026-10-01T10:00,2026-10-01T10:00,0,on_time,21.0
O007,S008,2026-10-01T13:15,2026-10-01T13:13,-2,on_time,34.0
O008,S007,2026-10-01T10:45,2026-10-01T10:45,0,on_time,28.0
O009,S007,2026-10-01T09:45,2026-10-01T09:46,1,on_time,22.0
O010,S006,2026-10-01T07:00,2026-10-01T07:01,1,on_time,14.5
O011,S008,2026-10-01T10:15,2026-10-01T10:12,-3,on_time,7.0
O012,S005,2026-10-01T07:00,2026-10-01T07:17,17,base_late,6.0
O013,S005,2026-10-01T07:45,2026-10-01T08:04,19,base_late,16.5
O014,S008,2026-10-01T07:00,2026-10-01T07:25,25,base_late,17.0
O015,S008,2026-10-01T10:15,2026-10-01T10:17,2,on_time,10.5
O016,S001,2026-10-01T14:15,2026-10-01T14:46,31,base_late,19.0
O017,S003,2026-10-01T13:45,2026-10-01T13:48,3,on_time,20.5
O018,S005,2026-10-01T08:45,2026-10-01T08:40,-5,on_time,28.0
O019,S005,2026-10-01T14:15,2026-10-01T14:13,-2,on_time,13.0
O020,S010,2026-10-01T09:30,2026-10-01T09:31,1,on_time,7.0
O021,S009,2026-10-01T13:15,2026-10-01T13:14,-1,on_time,7.0
O022,S004,2026-10-01T14:15,2026-10-01T14:33,18,base_late,7.5
O023,S010,2026-10-01T07:30,2026-10-01T08:44,74,base_late,15.5
O024,S008,2026-10-01T11:30,2026-10-01T11:27,-3,on_time,7.5
O025,S003,2026-10-01T14:45,2026-10-01T15:21,36,base_late,22.0
O026,S001,2026-10-01T14:45,2026-10-01T15:18,33,base_late,21.0
O027,S002,2026-10-01T08:00,2026-10-01T07:57,-3,on_time,11.0
O028,S006,2026-10-01T13:45,2026-10-01T13:37,-8,on_time,11.0
O029,S007,2026-10-01T13:30,2026-10-01T13:23,-7,on_time,11.0
O030,S005,2026-10-01T10:45,2026-10-01T10:39,-6,on_time,5.5
O031,S006,2026-10-01T08:30,2026-10-01T08:26,-4,on_time,38.0
O032,S009,2026-10-01T08:00,2026-10-01T07:56,-4,on_time,22.0
O033,S004,2026-10-01T08:00,2026-10-01T08:03,3,on_time,22.5
O034,S002,2026-10-01T13:45,2026-10-01T13:45,0,on_time,10.0
O035,S008,2026-10-01T13:15,2026-10-01T13:04,-11,on_time,5.5
