from_node,to_node,hour,typical_travel_min
P001,S001,5,15.26
P001,S001,6,19.28
P001,S001,7,24.91
P001,S001,8,25.71
P001,S001,9,20.89
P001,S001,10,18.48
P001,S001,11,18.48
P001,S001,12,19.28
P001,S001,13,18.48
P001,S001,14,18.48
P001,S001,15,20.08
P001,S001,16,24.91
P001,S001,17,26.51
P001,S001,18,23.3
P001,S001,19,19.28
S001,P001,5,15.26
S001,P001,6,19.28
S001,P001,7,24.91
S001,P001,8,25.71
S001,P001,9,20.89
S001,P001,10,18.48
S001,P001,11,18.48
S001,P001,12,19.28
S001,P001,13,18.48
S001,P001,14,18.48
S001,P001,15,20.08
S001,P001,16,24.91
S001,P001,17,26.51
S001,P001,18,23.3
S001,P001,19,19.28
P001,S002,5,31.17
P001,S002,6,39.37
P001,S002,7,50.85
P001,S002,8,52.49
P001,S002,9,42.65
P001,S002,10,37.73
P001,S002,11,37.73
P001,S002,12,39.37
P001,S002,13,37.73
P001,S002,14,37.73
P001,S002,15,41.01
P001,S002,16,50.85
P001,S002,17,54.13
P001,S002,18,47.57
P001,S002,19,39.37
S002,P001,5,31.17
S002,P001,6,39.37
S002,P001,7,50.85
S002,P001,8,52.49
S002,P001,9,42.65
S002,P001,10,37.73
S002,P001,11,37.73
S002,P001,12,39.37
S002,P001,13,37.73
S002,P001,14,37.73
S002,P001,15,41.01
S002,P001,16,50.85
S002,P001,17,54.13
S002,P001,18,47.57
S002,P001,19,39.37
P001,S003,5,19.82
P001,S003,6,25.03
P001,S003,7,32.33
P001,S003,8,33.38
P001,S003,9,27.12
P001,S003,10,23.99
P001,S003,11,23.99
P001,S003,12,25.03
P001,S003,13,23.99
P001,S003,14,23.99
P001,S003,15,26.08
P001,S003,16,32.33
P001,S003,17,34.42
P001,S003,18,30.25
P001,S003,19,25.03
S003,P001,5,19.82
S003,P001,6,25.03
S003,P001,7,32.33
S003,P001,8,33.38
S003,P001,9,27.12
S003,P001,10,23.99
S003,P001,11,23.99
S003,P001,12,25.03
S003,P001,13,23.99
S003,P001,14,23.99
S003,P001,15,26.08
S003,P001,16,32.33
S003,P001,17,34.42
S003,P001,18,30.25
S003,P001,19,25.03
P001,S004,5,29.72
P001,S004,6,37.54
P001,S004,7,48.48
P001,S004,8,50.05
P001,S004,9,40.66
P001,S004,10,35.97
P001,S004,11,35.97
P001,S004,12,37.54
P001,S004,13,35.97
P001,S004,14,35.97
P001,S004,15,39.1
P001,S004,16,48.48
P001,S004,17,51.61
P001,S004,18,45.36
P001,S004,19,37.54
S004,P001,5,29.72
S004,P001,6,37.54
S004,P001,7,48.48
S004,P001,8,50.05
S004,P001,9,40.66
S004,P001,10,35.97
S004,P001,11,35.97
S004,P001,12,37.54
S004,P001,13,35.97
S004,P001,14,35.97
S004,P001,15,39.1
S004,P001,16,48.48
S004,P001,17,51.61
S004,P001,18,45.36
S004,P001,19,37.54
P001,S005,5,21.64
P001,S005,6,27.34
P001,S005,7,35.31
P001,S005,8,36.45
P001,S005,9,29.61
P001,S005,10,26.2
P001,S005,11,26.2
P001,S005,12,27.34
P001,S005,13,26.2
P001,S005,14,26.2
P001,S005,15,28.47
P001,S005,16,35.31
P001,S005,17,37.59
P001,S005,18,33.03
P001,S005,19,27.34
S005,P001,5,21.64
S005,P001,6,27.34
S005,P001,7,35.31
S005,P001,8,36.45
S005,P001,9,29.61
S005,P001,10,26.2
S005,P001,11,26.2
S005,P001,12,27.34
S005,P001,13,26.2
S005,P001,14,26.2
S005,P001,15,28.47
S005,P001,16,35.31
S005,P001,17,37.59
S005,P001,18,33.03
S005,P001,19,27.34
P001,S006,5,26.47
P001,S006,6,33.44
P001,S006,7,43.19
P001,S006,8,44.59
P001,S006,9,36.23
P001,S006,10,32.05
P001,S006,11,32.05
P001,S006,12,33.44
P001,S006,13,32.05
P001,S006,14,32.05
P001,S006,15,34.83
P001,S006,16,43.19
P001,S006,17,45.98
P001,S006,18,40.41
P001,S006,19,33.44
S006,P001,5,26.47
S006,P001,6,33.44
S006,P001,7,43.19
S006,P001,8,44.59
S006,P001,9,36.23
S006,P001,10,32.05
S006,P001,11,32.05
S006,P001,12,33.44
S006,P001,13,32.05
S006,P001,14,32.05
S006,P001,15,34.83
S006,P001,16,43.19
S006,P001,17,45.98
S006,P001,18,40.41
S006,P001,19,33.44
P001,S007,5,17.26
P001,S007,6,21.8
P001,S007,7,28.16
P001,S007,8,29.06
P001,S007,9,23.61
P001,S007,10,20.89
P001,S007,11,20.89
P001,S007,12,21.8
P001,S007,13,20.89
P001,S007,14,20.89
P001,S007,15,22.71
P001,S007,16,28.16
P001,S007,17,29.97
P001,S007,18,26.34
P001,S007,19,21.8
S007,P001,5,17.26
S007,P001,6,21.8
S007,P001,7,28.16
S007,P001,8,29.06
S007,P001,9,23.61
S007,P001,10,20.89
S007,P001,11,20.89
S007,P001,12,21.8
S007,P001,13,20.89
S007,P001,14,20.89
S007,P001,15,22.71
S007,P001,16,28.16
S007,P001,17,29.97
S007,P001,18,26.34
S007,P001,19,21.8
P001,S008,5,8.34
P001,S008,6,10.54
P001,S008,7,13.61
P001,S008,8,14.05
P001,S008,9,11.42
P001,S008,10,10.1
P001,S008,11,10.1
P001,S008,12,10.54
P001,S008,13,10.1
P001,S008,14,10.1
P001,S008,15,10.98
P001,S008,16,13.61
P001,S008,17,14.49
P001,S008,18,12.73
P001,S008,19,10.54
S008,P001,5,8.34
S008,P001,6,10.54
S008,P001,7,13.61
S008,P001,8,14.05
S008,P001,9,11.42
S008,P001,10,10.1
S008,P001,11,10.1
S008,P001,12,10.54
S008,P001,13,10.1
S008,P001,14,10.1
S008,P001,15,10.98
S008,P001,16,13.61
S008,P001,17,14.49
S008,P001,18,12.73
S008,P001,19,10.54
P001,S009,5,16.35
P001,S009,6,20.65
P001,S009,7,26.67
P001,S009,8,27.53
P001,S009,9,22.37
P001,S009,10,19.79
P001,S009,11,19.79
P001,S009,12,20.65
P001,S009,13,19.79
P001,S009,14,19.79
P001,S009,15,21.51
P001,S009,16,26.67
P001,S009,17,28.39
P001,S009,18,24.95
P001,S009,19,20.65
S009,P001,5,16.35
S009,P001,6,20.65
S009,P001,7,26.67
S009,P001,8,27.53
S009,P001,9,22.37
S009,P001,10,19.79
S009,P001,11,19.79
S009,P001,12,20.65
S009,P001,13,19.79
S009,P001,14,19.79
S009,P001,15,21.51
S009,P001,16,26.67
S009,P001,17,28.39
S009,P001,18,24.95
S009,P001,19,20.65
P001,S010,5,22.97
P001,S010,6,29.02
P001,S010,7,37.48
P001,S010,8,38.69
P001,S010,9,31.44
P001,S010,10,27.81
P001,S010,11,27.81
P001,S010,12,29.02
P001,S010,13,27.81
P001,S010,14,27.81
P001,S010,15,30.23
P001,S010,16,37.48
P001,S010,17,39.9
P001,S010,18,35.06
P001,S010,19,29.02
S010,P001,5,22.97
S010,P001,6,29.02
S010,P001,7,37.48
S010,P001,8,38.69
S010,P001,9,31.44
S010,P001,10,27.81
S010,P001,11,27.81
S010,P001,12,29.02
S010,P001,13,27.81
S010,P001,14,27.81
S010,P001,15,30.23
S010,P001,16,37.48
S010,P001,17,39.9
S010,P001,18,35.06
S010,P001,19,29.02
