vehicle_id,capacity_m3,plant_id,available_from,current_lat,current_lon,status,fuel_type,fuel_efficiency_km_l,idle_fuel_l_h,max_shift_min
T001,6.0,P001,2026-10-01T06:15,13.7563,100.5018,AVAILABLE,diesel,3.45,3.22,600
T002,6.0,P001,2026-10-01T06:15,13.7563,100.5018,AVAILABLE,diesel,2.77,3.39,600
T003,6.0,P001,2026-10-01T07:30,13.7563,100.5018,AVAILABLE,diesel,3.03,2.77,600
T004,6.0,P001,2026-10-01T07:00,13.7563,100.5018,AVAILABLE,diesel,2.58,2.66,600
T005,6.0,P001,2026-10-01T07:30,13.7563,100.5018,AVAILABLE,diesel,3.4,2.64,600
T006,6.0,P001,2026-10-01T06:15,13.7563,100.5018,AVAILABLE,diesel,3.36,3.23,600
T007,6.0,P001,2026-10-01T07:00,13.7563,100.5018,AVAILABLE,diesel,3.49,2.76,600
T008,6.0,P001,2026-10-01T07:00,13.7563,100.5018,AVAILABLE,diesel,3.05,2.56,600
T009,6.0,P001,2026-10-01T06:15,13.7563,100.5018,AVAILABLE,diesel,2.64,3.11,600
T010,6.0,P001,2026-10-01T06:45,13.7563,100.5018,AVAILABLE,diesel,3.39,3.3,600
T011,6.0,P001,2026-10-01T07:30,13.7563,100.5018,AVAILABLE,diesel,3.33,2.53,600
T012,6.0,P001,2026-10-01T07:00,13.7563,100.5018,AVAILABLE,diesel,2.58,3.04,600
T013,6.0,P001,2026-10-01T07:00,13.7563,100.5018,AVAILABLE,diesel,3.03,3.07,600
T014,6.0,P001,2026-10-01T07:30,13.7563,100.5018,AVAILABLE,diesel,3.28,3.15,600
T015,6.0,P001,2026-10-01T07:00,13.7563,100.5018,AVAILABLE,diesel,3.35,3.07,600
