trip_id,truck,released,load_start,depart,arrive,unload_start,unload_end,back,free,travel_out,travel_back,unload_dur
O001-01,T008,08:00,08:00,08:08,08:53,09:16,09:30,10:07,10:17,45,37,14
O001-02,T001,08:20,08:23,08:31,09:16,09:30,09:47,10:24,10:34,45,37,17
O001-03,T003,08:45,09:01,09:09,09:41,09:47,10:03,10:34,10:44,32,31,16
O002-01,T003,06:35,06:35,06:43,07:18,07:44,08:09,08:51,09:01,35,42,25
O002-02,T006,07:00,07:00,07:08,08:03,08:09,08:34,09:16,09:26,55,42,25
O002-03,T010,07:45,07:45,07:53,08:48,08:48,09:10,09:49,09:59,55,39,22
O003-01,T008,13:55,13:55,14:03,14:17,14:17,14:43,14:56,15:06,14,13,26
O003-02,T006,14:20,14:20,14:28,14:42,14:43,15:08,15:23,15:33,14,15,25
O003-03,T010,14:50,15:03,15:11,15:25,15:25,15:49,16:04,16:14,14,15,24
O004-01,T009,11:05,11:05,11:13,11:46,11:49,12:12,12:51,13:01,33,39,23
O004-02,T004,11:30,11:30,11:38,12:11,12:12,12:32,13:11,13:21,33,39,20
O004-03,T010,11:50,11:50,11:58,12:31,12:32,12:51,13:30,13:40,33,39,19
O004-04,T006,12:10,12:10,12:18,12:52,12:52,13:08,13:39,13:49,34,31,16
O005-01,T005,08:15,08:15,08:23,09:00,09:24,09:37,10:08,10:18,37,31,13
O005-02,T011,08:30,08:30,08:38,09:15,09:37,09:48,10:19,10:29,37,31,11
O006-01,T015,09:40,09:40,09:48,10:33,11:03,11:14,11:51,12:01,45,37,11
O006-02,T002,10:15,10:15,10:23,11:02,11:14,11:30,12:07,12:17,39,37,16
O006-03,T007,11:05,11:05,11:13,12:05,12:05,12:20,13:03,13:13,52,43,15
O007-01,T010,13:55,13:55,14:03,14:17,14:17,14:40,14:53,15:03,14,13,23
O007-02,T011,14:20,14:20,14:28,14:42,14:42,15:00,15:15,15:25,14,15,18
O008-01,T007,07:00,07:00,07:08,07:52,07:52,08:07,08:41,08:51,44,34,15
O008-02,T013,07:20,07:20,07:28,08:12,08:12,08:26,09:00,09:10,44,34,14
O009-01,T002,12:20,12:20,12:28,12:48,12:48,13:00,13:21,13:31,20,21,12
O009-02,T011,12:40,12:40,12:48,13:08,13:08,13:20,13:41,13:51,20,21,12
O010-01,T015,12:00,12:01,12:09,12:37,12:37,12:51,13:16,13:26,28,25,14
O010-02,T008,12:15,12:15,12:23,12:51,12:51,13:04,13:30,13:40,28,26,13
O011-01,T015,13:30,13:30,13:38,14:18,14:18,14:41,15:21,15:31,40,40,23
O012-01,T003,12:30,12:36,12:44,13:09,13:09,13:21,13:50,14:00,25,29,12
O013-01,T004,13:15,13:21,13:29,14:10,14:34,14:53,15:29,15:39,41,36,19
O014-01,T001,06:40,06:40,06:48,07:01,07:01,07:23,07:41,07:51,13,18,22
O014-02,T011,07:00,07:08,07:16,07:34,07:34,07:58,08:16,08:26,18,18,24
O015-01,T015,07:30,07:30,07:38,08:18,08:18,08:36,09:22,09:32,40,46,18
O015-02,T012,08:00,08:00,08:08,08:51,08:51,09:00,09:38,09:48,43,38,9
O016-01,T001,11:10,11:13,11:21,12:05,12:05,12:31,13:07,13:17,44,36,26
O017-01,T002,07:50,07:50,07:58,08:46,08:49,09:15,09:54,10:04,48,39,26
O017-02,T009,08:15,08:16,08:24,09:17,09:17,09:41,10:20,10:30,53,39,24
O018-01,T014,09:40,09:47,09:55,10:24,10:24,10:37,11:05,11:15,29,28,13
O018-02,T010,10:10,10:10,10:18,10:43,10:43,11:01,11:27,11:37,25,26,18
O019-01,T005,10:50,10:50,10:58,11:34,12:19,12:42,13:18,13:28,36,36,23
O020-01,T009,13:00,13:01,13:09,13:49,13:49,14:11,14:51,15:01,40,40,22
O020-02,T005,13:30,13:30,13:38,14:18,14:18,14:47,15:27,15:37,40,40,29
O021-01,T008,10:30,10:30,10:38,11:04,11:04,11:25,11:54,12:04,26,29,21
O021-02,T011,10:55,10:55,11:03,11:34,11:34,11:58,12:27,12:37,31,29,24
O022-01,T014,11:35,11:35,11:43,12:17,12:17,12:41,13:18,13:28,34,37,24
O023-01,T001,13:10,13:17,13:25,13:56,13:56,14:18,14:54,15:04,31,36,22
O023-02,T002,13:45,13:45,13:53,14:24,14:24,14:48,15:24,15:34,31,36,24
O024-01,T003,14:20,14:28,14:36,15:09,15:09,15:26,15:57,16:07,33,31,17
O025-01,T003,11:20,11:20,11:28,11:48,11:48,12:01,12:26,12:36,20,25,13
O026-01,T013,08:45,09:10,09:18,09:56,10:37,11:00,11:34,11:44,38,34,23
O026-02,T006,09:30,09:30,09:38,10:16,11:00,11:20,11:54,12:04,38,34,20
O026-03,T012,09:50,09:50,09:58,10:36,11:20,11:40,12:14,12:24,38,34,20
O027-01,T007,13:00,13:13,13:21,14:01,14:01,14:27,15:07,15:17,40,40,26
O027-02,T014,13:40,13:40,13:48,14:28,14:28,14:54,15:34,15:44,40,40,26
O028-01,T013,11:50,11:50,11:58,12:32,12:32,12:53,13:30,13:40,34,37,21
O028-02,T012,12:20,12:24,12:32,13:07,13:07,13:29,14:06,14:16,35,37,22
O029-01,T013,14:00,14:03,14:11,14:36,14:36,14:54,15:17,15:27,25,23,18
O029-02,T012,14:20,14:28,14:36,15:01,15:01,15:16,15:46,15:56,25,30,15
O029-03,T009,14:45,15:01,15:09,15:37,15:37,15:53,16:23,16:33,28,30,16
O029-04,T001,15:20,15:20,15:28,15:56,15:56,16:12,16:49,16:59,28,37,16
O030-01,T004,07:35,07:35,07:43,08:18,08:19,08:34,09:12,09:22,35,38,15
O030-02,T014,08:05,08:08,08:16,08:50,08:50,09:02,09:37,09:47,34,35,12
O030-03,T007,08:30,08:51,08:59,09:33,09:33,09:47,10:22,10:32,34,35,14
O030-04,T004,09:10,09:22,09:30,09:59,09:59,10:11,10:39,10:49,29,28,12
