trip,order,site,volume_m3,truck,released,load_start,depart,arrive,unload_start,unload_end,back,status
O010-01,O010,S010,5.25,T001,06:30,06:30,06:38,07:32,07:38,07:51,08:51,delivered
O029-01,O029,S008,5.5,T001,09:05,09:05,09:13,09:57,09:57,10:15,10:51,delivered
O028-01,O028,S009,4.75,T001,11:05,11:05,11:13,11:27,11:27,11:56,12:11,delivered
O012-01,O012,S002,4.0,T001,12:35,12:35,12:43,13:15,13:19,13:31,13:57,delivered
O027-01,O027,S006,4.25,T001,14:15,14:15,14:23,14:48,14:48,15:04,15:29,delivered
O010-03,O010,S010,5.25,T002,07:15,07:15,07:23,08:26,08:26,08:40,09:53,delivered
O017-02,O017,S005,5.5,T002,10:20,10:20,10:28,11:06,11:10,11:24,12:01,delivered
O014-01,O014,S005,4.25,T002,12:15,12:15,12:23,12:59,13:01,13:21,14:02,delivered
O026-01,O026,S007,6.0,T002,14:15,14:15,14:23,14:47,14:47,15:07,15:37,delivered
O025-01,O025,S005,5.25,T003,06:25,06:25,06:33,07:16,07:46,08:01,08:52,delivered
O030-01,O030,S003,4.0,T003,09:10,09:10,09:18,10:04,10:04,10:17,10:55,delivered
O024-02,O024,S001,4.5,T003,11:10,11:10,11:18,11:55,12:06,12:18,13:08,delivered
O013-01,O013,S007,5.5,T003,13:20,13:20,13:28,14:00,14:04,14:18,14:46,delivered
O026-03,O026,S007,5.75,T003,15:00,15:00,15:08,15:43,15:43,15:58,16:28,delivered
O001-02,O001,S009,4.75,T004,07:05,07:05,07:13,07:35,07:41,07:55,08:17,delivered
O016-01,O016,S005,4.0,T004,08:30,08:30,08:38,09:40,09:44,10:08,10:48,delivered
O024-01,O024,S001,4.5,T004,11:00,11:00,11:08,11:45,11:54,12:06,12:56,delivered
O023-02,O023,S005,4.0,T004,13:10,13:10,13:18,13:51,13:51,14:06,14:46,delivered
O004-02,O004,S002,4.25,T005,07:50,07:50,07:58,08:39,08:55,09:12,09:47,delivered
O003-01,O003,S004,6.0,T005,10:00,10:00,10:08,10:51,11:04,11:25,12:06,delivered
O005-03,O005,S009,5.0,T005,12:25,12:25,12:33,12:58,13:00,13:18,13:32,delivered
O019-01,O019,S007,5.5,T005,13:45,13:45,13:53,14:25,14:25,14:39,15:07,delivered
O025-02,O025,S005,5.25,T006,06:40,06:40,06:48,07:31,08:01,08:18,09:09,delivered
O008-02,O008,S008,4.25,T006,09:20,09:20,09:28,10:12,10:12,10:26,11:02,delivered
O020-02,O020,S006,4.5,T006,11:15,11:15,11:23,11:49,11:49,12:00,12:23,delivered
O028-03,O028,S009,4.5,T006,12:45,12:45,12:53,13:18,13:18,13:40,13:54,delivered
O011-01,O011,S004,5.75,T006,14:05,14:05,14:13,14:52,15:03,15:19,16:03,delivered
O022-01,O022,S007,6.0,T007,06:45,06:45,06:53,07:30,07:47,08:02,08:49,delivered
O008-01,O008,S008,4.25,T007,09:00,09:00,09:08,09:52,09:52,10:03,10:39,delivered
O020-01,O020,S006,4.5,T007,10:50,10:50,10:58,11:25,11:25,11:41,12:05,delivered
O006-02,O006,S004,5.5,T007,12:15,12:15,12:23,13:17,13:17,13:34,14:15,delivered
O006-05,O006,S004,5.25,T007,14:25,14:25,14:33,15:12,15:15,15:35,16:19,delivered
O004-01,O004,S002,4.25,T008,07:35,07:35,07:43,08:24,08:39,08:55,09:46,delivered
O021-02,O021,S001,4.25,T008,10:00,10:00,10:08,10:49,10:49,11:07,11:50,delivered
O028-02,O028,S009,4.75,T008,12:05,12:05,12:13,12:38,12:38,12:56,13:21,delivered
O018-01,O018,S003,4.0,T008,13:35,13:35,13:43,14:14,14:14,14:40,15:17,delivered
O021-01,O021,S001,4.5,T009,07:55,07:55,08:03,09:04,09:57,10:13,10:58,delivered
O025-04,O025,S005,5.25,T010,07:15,07:15,07:23,08:21,08:41,08:57,09:48,delivered
O017-01,O017,S005,5.5,T010,10:10,10:10,10:18,10:56,10:56,11:10,11:47,delivered
O005-02,O005,S009,5.25,T010,12:00,12:00,12:08,12:33,12:39,13:00,13:14,delivered
O014-03,O014,S005,4.0,T010,13:25,13:25,13:33,14:06,14:06,14:25,15:05,delivered
O001-01,O001,S009,4.75,T011,06:50,06:50,06:58,07:16,07:25,07:41,08:03,delivered
O009-02,O009,S008,5.0,T011,08:15,08:15,08:23,09:12,09:12,09:22,10:03,delivered
O021-03,O021,S001,4.25,T011,10:30,10:30,10:38,11:19,11:19,11:37,12:20,delivered
O014-02,O014,S005,4.25,T011,12:45,12:45,12:53,13:29,13:29,13:52,14:33,delivered
O027-02,O027,S006,4.25,T011,14:45,14:45,14:53,15:18,15:18,15:34,15:59,delivered
O010-04,O010,S010,5.25,T012,07:40,07:40,07:48,08:51,08:51,09:02,09:57,delivered
O015-01,O015,S003,4.5,T012,10:20,10:20,10:28,11:03,11:10,11:35,12:14,delivered
O007-01,O007,S005,5.0,T012,12:35,12:35,12:43,13:19,13:42,13:58,14:39,delivered
O026-02,O026,S007,5.75,T012,14:50,14:50,14:58,15:22,15:22,15:41,16:11,delivered
O010-02,O010,S010,5.25,T013,06:55,06:55,07:03,08:06,08:06,08:20,09:33,delivered
O002-01,O002,S004,3.75,T013,09:45,09:45,09:53,10:38,10:38,10:59,11:44,delivered
O006-01,O006,S004,5.5,T013,11:55,11:55,12:03,12:57,12:57,13:12,13:53,delivered
O006-04,O006,S004,5.25,T013,14:05,14:05,14:13,14:52,14:52,15:15,15:59,delivered
O009-01,O009,S008,5.0,T014,07:45,07:45,07:53,08:40,08:59,09:11,09:52,delivered
O002-02,O002,S004,3.75,T014,10:10,10:10,10:18,11:01,11:01,11:26,12:07,delivered
O023-01,O023,S005,4.0,T014,12:25,12:25,12:33,13:09,13:09,13:29,14:10,delivered
O011-02,O011,S004,5.75,T014,14:25,14:25,14:33,15:12,15:19,15:33,16:17,delivered
O025-03,O025,S005,5.25,T015,07:00,07:00,07:08,08:06,08:18,08:41,09:32,delivered
O029-02,O029,S008,5.5,T015,09:45,09:45,09:53,10:37,10:37,10:54,11:30,delivered
O005-01,O005,S009,5.25,T015,11:40,11:40,11:48,12:02,12:17,12:39,13:04,delivered
O006-03,O006,S004,5.5,T015,13:15,13:15,13:23,14:01,14:01,14:17,14:59,delivered
