trip_id,order_id,estimated_unload_min,actual_unload_min
O001-01,O001,16,18.9
O001-02,O001,16,16.4
O001-03,O001,16,15.0
O002-01,O002,24,20.5
O002-02,O002,24,18.7
O003-01,O003,24,18.4
O003-02,O003,24,26.2
O004-01,O004,21,13.1
O004-02,O004,21,19.3
O004-03,O004,21,16.6
O004-04,O004,21,12.8
O005-01,O005,15,11.6
O005-02,O005,15,15.5
O006-01,O006,12,12.2
O006-02,O006,12,10.5
O006-03,O006,12,12.2
O007-01,O007,15,15.8
O007-02,O007,15,12.0
O007-03,O007,15,13.5
O008-01,O008,17,17.6
O009-01,O009,22,17.5
O009-02,O009,22,23.0
O010-01,O010,13,14.8
O010-02,O010,13,11.0
O010-03,O010,13,15.6
O010-04,O010,13,13.1
O011-01,O011,18,17.3
O011-02,O011,18,20.8
O012-01,O012,15,18.3
O012-02,O012,15,13.0
O013-01,O013,25,19.9
O014-01,O014,13,10.6
O015-01,O015,23,22.5
O015-02,O015,23,21.4
O016-01,O016,15,13.2
O017-01,O017,23,21.0
O017-02,O017,23,20.7
O017-03,O017,23,25.7
O018-01,O018,16,16.5
O018-02,O018,16,14.5
O018-03,O018,16,17.4
O018-04,O018,16,18.2
O018-05,O018,16,17.6
O018-06,O018,16,15.8
O019-01,O019,15,14.0
O019-02,O019,15,13.0
O019-03,O019,15,14.1
O020-01,O020,25,23.5
O020-02,O020,25,30.3
O021-01,O021,13,13.8
O021-02,O021,13,13.2
O021-03,O021,13,14.0
O022-01,O022,17,15.2
O022-02,O022,17,18.8
O023-01,O023,15,12.9
O023-02,O023,15,15.3
O024-01,O024,16,16.1
O024-02,O024,16,11.7
O025-01,O025,15,14.1
O025-02,O025,15,12.6
O025-03,O025,15,15.5
O026-01,O026,21,24.2
O026-02,O026,21,21.0
O027-01,O027,24,24.3
O027-02,O027,24,28.4
O027-03,O027,24,25.8
O028-01,O028,15,14.7
O028-02,O028,15,17.6
O028-03,O028,15,10.8
O029-01,O029,19,17.8
O029-02,O029,19,22.4
O030-01,O030,18,19.8
O031-01,O031,22,25.5
O031-02,O031,22,22.4
O032-01,O032,18,18.8
O032-02,O032,18,15.3
O033-01,O033,16,18.3
O033-02,O033,16,13.1
O034-01,O034,15,16.8
O034-02,O034,15,13.1
O034-03,O034,15,14.2
O035-01,O035,16,11.5
O035-02,O035,16,17.8
O035-03,O035,16,13.2
