order_id,site_id,concrete_type,total_volume_m3,remaining_volume_m3,requested_start,requested_end,target_interval_min,estimated_unload_min,priority,status
O001,S005,M40,12.5,12.5,2026-10-01T09:00,2026-10-01T10:25,17,21,4,ACTIVE
O002,S009,M40,4.5,4.5,2026-10-01T12:30,2026-10-01T13:16,27,16,2,ACTIVE
O003,S006,M40,5.5,5.5,2026-10-01T12:00,2026-10-01T12:44,29,14,2,ACTIVE
O004,S003,M40,8.0,8.0,2026-10-01T08:15,2026-10-01T09:26,19,22,5,ACTIVE
O005,S004,M35,11.0,11.0,2026-10-01T08:00,2026-10-01T09:12,23,19,5,ACTIVE
O006,S005,M40,5.5,5.5,2026-10-01T13:00,2026-10-01T13:52,22,22,4,ACTIVE
O007,S005,M40,6.0,6.0,2026-10-01T14:00,2026-10-01T14:53,27,23,5,ACTIVE
O008,S005,M25,9.0,9.0,2026-10-01T13:30,2026-10-01T14:45,30,15,1,ACTIVE
O009,S004,M30,17.5,17.5,2026-10-01T11:15,2026-10-01T13:01,30,16,3,ACTIVE
O010,S009,M35,9.0,9.0,2026-10-01T13:00,2026-10-01T14:09,17,22,5,ACTIVE
O011,S003,M40,13.0,13.0,2026-10-01T10:00,2026-10-01T11:41,28,15,5,ACTIVE
O012,S001,M35,6.5,6.5,2026-10-01T13:00,2026-10-01T14:12,22,20,2,ACTIVE
O013,S010,M30,4.5,4.5,2026-10-01T09:30,2026-10-01T10:18,21,18,3,ACTIVE
O014,S007,M25,10.5,10.5,2026-10-01T13:30,2026-10-01T14:38,20,18,1,ACTIVE
O015,S005,M25,6.0,6.0,2026-10-01T11:45,2026-10-01T12:38,22,23,4,ACTIVE
O016,S010,M40,7.5,7.5,2026-10-01T12:15,2026-10-01T13:18,16,17,2,ACTIVE
O017,S009,M30,14.0,14.0,2026-10-01T10:15,2026-10-01T11:50,21,23,5,ACTIVE
O018,S009,M40,5.5,5.5,2026-10-01T12:00,2026-10-01T12:46,15,16,5,ACTIVE
O019,S005,M40,7.0,7.0,2026-10-01T07:15,2026-10-01T08:23,18,20,5,ACTIVE
O020,S007,M25,18.5,18.5,2026-10-01T07:45,2026-10-01T09:26,19,14,5,ACTIVE
O021,S002,M40,26.0,26.0,2026-10-01T12:45,2026-10-01T15:12,26,13,1,ACTIVE
O022,S004,M30,16.5,16.5,2026-10-01T11:30,2026-10-01T12:57,21,15,5,ACTIVE
O023,S007,M40,10.5,10.5,2026-10-01T14:00,2026-10-01T15:11,28,13,4,ACTIVE
O024,S006,M35,8.5,8.5,2026-10-01T11:15,2026-10-01T12:18,17,16,4,ACTIVE
O025,S008,M25,5.5,5.5,2026-10-01T12:45,2026-10-01T13:29,20,14,2,ACTIVE
O026,S010,M25,8.0,8.0,2026-10-01T14:30,2026-10-01T15:35,17,18,5,ACTIVE
O027,S007,M35,4.0,4.0,2026-10-01T11:00,2026-10-01T11:42,17,12,2,ACTIVE
O028,S007,M30,10.0,10.0,2026-10-01T11:45,2026-10-01T12:55,22,18,1,ACTIVE
O029,S007,M30,4.0,4.0,2026-10-01T13:30,2026-10-01T14:12,26,12,2,ACTIVE
O030,S004,M40,6.5,6.5,2026-10-01T12:15,2026-10-01T13:23,20,18,3,ACTIVE
